Datum,Zeitpunkt,Haus,Bedachung,Pflanzen-Nr,Veredelung ,Salzstress,Trieblänge,Anzahl_Blätter,Anzahl_Blütenstände,Anzahl_grüne_Früchte,Anzahl_rote_Früchte,Anzahl_Blütenendfäule,Anzahl_geerntete_Früchte,Gewicht_Trieb,Gewicht_Blätter,Gewicht_grüne_Früchte,Gewicht_rote_Früchte,Gewicht_Blütenendfäule
9/17/2018,1,1,Floatglas,1,ohne,ohne,63,13,4,1,0,0,0,NA,NA,NA,NA,NA
9/17/2018,1,1,Floatglas,2,ohne,ohne,53,13,4,3,0,0,0,NA,NA,NA,NA,NA
9/17/2018,1,1,Floatglas,3,ohne,ohne,53,11,3,0,0,0,0,NA,NA,NA,NA,NA
9/17/2018,1,1,Floatglas,4,ohne,ohne,56,12,3,2,0,0,0,NA,NA,NA,NA,NA
9/17/2018,1,1,Floatglas,5,mit,ohne,51,12,3,0,0,0,0,NA,NA,NA,NA,NA
9/17/2018,1,1,Floatglas,6,mit,ohne,50,11,3,0,0,0,0,NA,NA,NA,NA,NA
9/17/2018,1,1,Floatglas,7,mit,ohne,57,12,4,1,0,0,0,NA,NA,NA,NA,NA
9/17/2018,1,1,Floatglas,8,mit,ohne,58,13,3,0,0,0,0,NA,NA,NA,NA,NA
9/17/2018,1,1,Floatglas,9,mit,mit,52,11,3,0,0,0,0,NA,NA,NA,NA,NA
9/17/2018,1,1,Floatglas,10,mit,mit,47,9,4,0,0,0,0,NA,NA,NA,NA,NA
9/17/2018,1,1,Floatglas,11,mit,mit,61,12,2,2,0,0,0,NA,NA,NA,NA,NA
9/17/2018,1,1,Floatglas,12,mit,mit,52,10,3,0,0,0,0,NA,NA,NA,NA,NA
9/17/2018,1,1,Floatglas,13,ohne,mit,52,9,4,3,0,0,0,NA,NA,NA,NA,NA
9/17/2018,1,1,Floatglas,14,ohne,mit,59,12,4,2,0,0,0,NA,NA,NA,NA,NA
9/17/2018,1,1,Floatglas,15,ohne,mit,64,12,3,0,0,0,0,NA,NA,NA,NA,NA
9/17/2018,1,1,Floatglas,16,ohne,mit,63,12,3,0,0,0,0,NA,NA,NA,NA,NA
9/17/2018,1,2,Solarglas,17,ohne,ohne,54,14,3,0,0,0,0,NA,NA,NA,NA,NA
9/17/2018,1,2,Solarglas,18,ohne,ohne,54,12,3,0,0,0,0,NA,NA,NA,NA,NA
9/17/2018,1,2,Solarglas,19,ohne,ohne,58,13,4,3,0,0,0,NA,NA,NA,NA,NA
9/17/2018,1,2,Solarglas,20,ohne,ohne,53,11,4,2,0,0,0,NA,NA,NA,NA,NA
9/17/2018,1,2,Solarglas,21,mit,ohne,54,12,4,0,0,0,0,NA,NA,NA,NA,NA
9/17/2018,1,2,Solarglas,22,mit,ohne,56,11,3,1,0,0,0,NA,NA,NA,NA,NA
9/17/2018,1,2,Solarglas,23,mit,ohne,53,11,4,3,0,0,0,NA,NA,NA,NA,NA
9/17/2018,1,2,Solarglas,24,mit,ohne,52,12,5,2,0,0,0,NA,NA,NA,NA,NA
9/17/2018,1,2,Solarglas,25,mit,mit,59,12,3,2,0,0,0,NA,NA,NA,NA,NA
9/17/2018,1,2,Solarglas,26,mit,mit,50,11,4,3,0,0,0,NA,NA,NA,NA,NA
9/17/2018,1,2,Solarglas,27,mit,mit,53,11,5,3,0,0,0,NA,NA,NA,NA,NA
9/17/2018,1,2,Solarglas,28,mit,mit,46,8,4,0,0,0,0,NA,NA,NA,NA,NA
9/17/2018,1,2,Solarglas,29,ohne,mit,58,13,4,2,0,0,0,NA,NA,NA,NA,NA
9/17/2018,1,2,Solarglas,30,ohne,mit,55,12,4,0,0,0,0,NA,NA,NA,NA,NA
9/17/2018,1,2,Solarglas,31,ohne,mit,56,13,3,1,0,0,0,NA,NA,NA,NA,NA
9/17/2018,1,2,Solarglas,32,ohne,mit,65,13,4,0,0,0,0,NA,NA,NA,NA,NA
9/17/2018,1,3,ETFE-Folie,33,ohne,ohne,62,13,4,2,0,0,0,NA,NA,NA,NA,NA
9/17/2018,1,3,ETFE-Folie,34,ohne,ohne,62,12,4,1,0,0,0,NA,NA,NA,NA,NA
9/17/2018,1,3,ETFE-Folie,35,ohne,ohne,62,11,4,0,0,0,0,NA,NA,NA,NA,NA
9/17/2018,1,3,ETFE-Folie,36,ohne,ohne,61,13,5,1,0,0,0,NA,NA,NA,NA,NA
9/17/2018,1,3,ETFE-Folie,37,mit,ohne,58,12,4,2,0,0,0,NA,NA,NA,NA,NA
9/17/2018,1,3,ETFE-Folie,38,mit,ohne,49,10,3,1,0,0,0,NA,NA,NA,NA,NA
9/17/2018,1,3,ETFE-Folie,39,mit,ohne,59,13,3,0,0,0,0,NA,NA,NA,NA,NA
9/17/2018,1,3,ETFE-Folie,40,mit,ohne,60,13,3,0,0,0,0,NA,NA,NA,NA,NA
9/17/2018,1,3,ETFE-Folie,41,mit,mit,59,11,2,0,0,0,0,NA,NA,NA,NA,NA
9/17/2018,1,3,ETFE-Folie,42,mit,mit,52,11,3,2,0,0,0,NA,NA,NA,NA,NA
9/17/2018,1,3,ETFE-Folie,43,mit,mit,63,11,4,4,0,0,0,NA,NA,NA,NA,NA
9/17/2018,1,3,ETFE-Folie,44,mit,mit,46,11,4,3,0,0,0,NA,NA,NA,NA,NA
9/17/2018,1,3,ETFE-Folie,45,ohne,mit,58,12,4,0,0,0,0,NA,NA,NA,NA,NA
9/17/2018,1,3,ETFE-Folie,46,ohne,mit,63,12,4,0,0,0,0,NA,NA,NA,NA,NA
9/17/2018,1,3,ETFE-Folie,47,ohne,mit,55,12,4,0,0,0,0,NA,NA,NA,NA,NA
9/17/2018,1,3,ETFE-Folie,48,ohne,mit,60,13,4,1,0,0,0,NA,NA,NA,NA,NA
9/17/2018,1,4,Floatglas,49,ohne,ohne,62,13,4,3,0,0,0,NA,NA,NA,NA,NA
9/17/2018,1,4,Floatglas,50,ohne,ohne,57,12,5,3,0,0,0,NA,NA,NA,NA,NA
9/17/2018,1,4,Floatglas,51,ohne,ohne,52,11,4,1,0,0,0,NA,NA,NA,NA,NA
9/17/2018,1,4,Floatglas,52,ohne,ohne,46,11,4,2,0,0,0,NA,NA,NA,NA,NA
9/17/2018,1,4,Floatglas,53,mit,ohne,52,10,4,1,0,0,0,NA,NA,NA,NA,NA
9/17/2018,1,4,Floatglas,54,mit,ohne,62,13,4,1,0,0,0,NA,NA,NA,NA,NA
9/17/2018,1,4,Floatglas,55,mit,ohne,53,11,5,3,0,0,0,NA,NA,NA,NA,NA
9/17/2018,1,4,Floatglas,56,mit,ohne,52,11,3,4,0,0,0,NA,NA,NA,NA,NA
9/17/2018,1,4,Floatglas,57,mit,mit,47,10,3,3,0,0,0,NA,NA,NA,NA,NA
9/17/2018,1,4,Floatglas,58,mit,mit,40,10,5,3,0,0,0,NA,NA,NA,NA,NA
9/17/2018,1,4,Floatglas,59,mit,mit,57,12,4,0,0,0,0,NA,NA,NA,NA,NA
9/17/2018,1,4,Floatglas,60,mit,mit,44,10,2,1,0,0,0,NA,NA,NA,NA,NA
9/17/2018,1,4,Floatglas,61,ohne,mit,53,11,4,0,0,0,0,NA,NA,NA,NA,NA
9/17/2018,1,4,Floatglas,62,ohne,mit,60,11,4,0,0,0,0,NA,NA,NA,NA,NA
9/17/2018,1,4,Floatglas,63,ohne,mit,56,12,5,4,0,0,0,NA,NA,NA,NA,NA
9/17/2018,1,4,Floatglas,64,ohne,mit,55,12,4,1,0,0,0,NA,NA,NA,NA,NA
9/17/2018,1,5,Solarglas,65,ohne,ohne,48,11,4,1,0,0,0,NA,NA,NA,NA,NA
9/17/2018,1,5,Solarglas,66,ohne,ohne,53,11,4,0,0,0,0,NA,NA,NA,NA,NA
9/17/2018,1,5,Solarglas,67,ohne,ohne,53,11,4,3,0,0,0,NA,NA,NA,NA,NA
9/17/2018,1,5,Solarglas,68,ohne,ohne,55,14,4,2,0,0,0,NA,NA,NA,NA,NA
9/17/2018,1,5,Solarglas,69,mit,ohne,58,13,5,2,0,0,0,NA,NA,NA,NA,NA
9/17/2018,1,5,Solarglas,70,mit,ohne,66,12,4,1,0,0,0,NA,NA,NA,NA,NA
9/17/2018,1,5,Solarglas,71,mit,ohne,58,13,4,0,0,0,0,NA,NA,NA,NA,NA
9/17/2018,1,5,Solarglas,72,mit,ohne,46,10,4,1,0,0,0,NA,NA,NA,NA,NA
9/17/2018,1,5,Solarglas,73,mit,mit,47,14,4,3,0,0,0,NA,NA,NA,NA,NA
9/17/2018,1,5,Solarglas,74,mit,mit,43,10,4,4,0,0,0,NA,NA,NA,NA,NA
9/17/2018,1,5,Solarglas,75,mit,mit,53,12,4,2,0,0,0,NA,NA,NA,NA,NA
9/17/2018,1,5,Solarglas,76,mit,mit,48,10,2,3,0,0,0,NA,NA,NA,NA,NA
9/17/2018,1,5,Solarglas,77,ohne,mit,49,13,4,3,0,0,0,NA,NA,NA,NA,NA
9/17/2018,1,5,Solarglas,78,ohne,mit,53,12,3,0,0,0,0,NA,NA,NA,NA,NA
9/17/2018,1,5,Solarglas,79,ohne,mit,56,12,5,2,0,0,0,NA,NA,NA,NA,NA
9/17/2018,1,5,Solarglas,80,ohne,mit,59,13,4,2,0,0,0,NA,NA,NA,NA,NA
9/17/2018,1,6,ETFE-Folie,81,ohne,ohne,60,13,4,3,0,0,0,NA,NA,NA,NA,NA
9/17/2018,1,6,ETFE-Folie,82,ohne,ohne,61,13,4,0,0,0,0,NA,NA,NA,NA,NA
9/17/2018,1,6,ETFE-Folie,83,ohne,ohne,62,12,5,5,0,0,0,NA,NA,NA,NA,NA
9/17/2018,1,6,ETFE-Folie,84,ohne,ohne,56,14,4,3,0,0,0,NA,NA,NA,NA,NA
9/17/2018,1,6,ETFE-Folie,85,mit,ohne,51,12,5,1,0,0,0,NA,NA,NA,NA,NA
9/17/2018,1,6,ETFE-Folie,86,mit,ohne,48,10,3,1,0,0,0,NA,NA,NA,NA,NA
9/17/2018,1,6,ETFE-Folie,87,mit,ohne,56,12,5,3,0,0,0,NA,NA,NA,NA,NA
9/17/2018,1,6,ETFE-Folie,88,mit,ohne,56,10,4,0,0,0,0,NA,NA,NA,NA,NA
9/17/2018,1,6,ETFE-Folie,89,mit,mit,62,12,4,1,0,0,0,NA,NA,NA,NA,NA
9/17/2018,1,6,ETFE-Folie,90,mit,mit,50,10,3,1,0,0,0,NA,NA,NA,NA,NA
9/17/2018,1,6,ETFE-Folie,91,mit,mit,53,10,4,0,0,0,0,NA,NA,NA,NA,NA
9/17/2018,1,6,ETFE-Folie,92,mit,mit,52,11,4,0,0,0,0,NA,NA,NA,NA,NA
9/17/2018,1,6,ETFE-Folie,93,ohne,mit,62,13,4,3,0,0,0,NA,NA,NA,NA,NA
9/17/2018,1,6,ETFE-Folie,94,ohne,mit,58,13,4,2,0,0,0,NA,NA,NA,NA,NA
9/17/2018,1,6,ETFE-Folie,95,ohne,mit,66,13,5,0,0,0,0,NA,NA,NA,NA,NA
9/17/2018,1,6,ETFE-Folie,96,ohne,mit,57,12,4,2,0,0,0,NA,NA,NA,NA,NA
9/24/2018,2,1,Floatglas,1,ohne,ohne,80,16,3,3,0,0,0,NA,NA,NA,NA,NA
9/24/2018,2,1,Floatglas,2,ohne,ohne,73,17,3,9,0,0,0,NA,NA,NA,NA,NA
9/24/2018,2,1,Floatglas,3,ohne,ohne,73,15,2,7,0,0,0,NA,NA,NA,NA,NA
9/24/2018,2,1,Floatglas,4,ohne,ohne,75,15,2,10,0,0,0,NA,NA,NA,NA,NA
9/24/2018,2,1,Floatglas,5,mit,ohne,68,14,1,6,0,0,0,NA,NA,NA,NA,NA
9/24/2018,2,1,Floatglas,6,mit,ohne,70,14,2,6,0,0,0,NA,NA,NA,NA,NA
9/24/2018,2,1,Floatglas,7,mit,ohne,70,14,2,15,0,0,0,NA,NA,NA,NA,NA
9/24/2018,2,1,Floatglas,8,mit,ohne,76,16,2,7,0,0,0,NA,NA,NA,NA,NA
9/24/2018,2,1,Floatglas,9,mit,mit,73,13,2,9,0,0,0,NA,NA,NA,NA,NA
9/24/2018,2,1,Floatglas,10,mit,mit,65,13,2,8,0,0,0,NA,NA,NA,NA,NA
9/24/2018,2,1,Floatglas,11,mit,mit,78,14,2,11,0,0,0,NA,NA,NA,NA,NA
9/24/2018,2,1,Floatglas,12,mit,mit,68,13,2,9,0,0,0,NA,NA,NA,NA,NA
9/24/2018,2,1,Floatglas,13,ohne,mit,64,12,2,10,0,0,0,NA,NA,NA,NA,NA
9/24/2018,2,1,Floatglas,14,ohne,mit,74,15,2,5,0,0,0,NA,NA,NA,NA,NA
9/24/2018,2,1,Floatglas,15,ohne,mit,77,14,2,2,0,0,0,NA,NA,NA,NA,NA
9/24/2018,2,1,Floatglas,16,ohne,mit,84,14,3,5,0,0,0,NA,NA,NA,NA,NA
9/24/2018,2,2,Solarglas,17,ohne,ohne,73,15,2,3,0,0,0,NA,NA,NA,NA,NA
9/24/2018,2,2,Solarglas,18,ohne,ohne,74,14,2,11,0,0,0,NA,NA,NA,NA,NA
9/24/2018,2,2,Solarglas,19,ohne,ohne,79,17,3,7,0,0,0,NA,NA,NA,NA,NA
9/24/2018,2,2,Solarglas,20,ohne,ohne,72,13,2,10,0,0,0,NA,NA,NA,NA,NA
9/24/2018,2,2,Solarglas,21,mit,ohne,70,15,1,7,0,0,0,NA,NA,NA,NA,NA
9/24/2018,2,2,Solarglas,22,mit,ohne,73,14,2,6,0,0,0,NA,NA,NA,NA,NA
9/24/2018,2,2,Solarglas,23,mit,ohne,72,14,2,22,0,0,0,NA,NA,NA,NA,NA
9/24/2018,2,2,Solarglas,24,mit,ohne,72,15,2,7,0,0,0,NA,NA,NA,NA,NA
9/24/2018,2,2,Solarglas,25,mit,mit,78,15,2,9,0,0,0,NA,NA,NA,NA,NA
9/24/2018,2,2,Solarglas,26,mit,mit,69,14,2,7,0,0,0,NA,NA,NA,NA,NA
9/24/2018,2,2,Solarglas,27,mit,mit,70,14,2,10,0,0,0,NA,NA,NA,NA,NA
9/24/2018,2,2,Solarglas,28,mit,mit,62,12,2,8,0,0,0,NA,NA,NA,NA,NA
9/24/2018,2,2,Solarglas,29,ohne,mit,77,17,3,5,0,0,0,NA,NA,NA,NA,NA
9/24/2018,2,2,Solarglas,30,ohne,mit,76,16,2,5,0,0,0,NA,NA,NA,NA,NA
9/24/2018,2,2,Solarglas,31,ohne,mit,79,16,2,2,0,0,0,NA,NA,NA,NA,NA
9/24/2018,2,2,Solarglas,32,ohne,mit,85,15,2,5,0,0,0,NA,NA,NA,NA,NA
9/24/2018,2,3,ETFE-Folie,33,ohne,ohne,81,14,2,7,0,0,0,NA,NA,NA,NA,NA
9/24/2018,2,3,ETFE-Folie,34,ohne,ohne,80,15,3,12,0,0,0,NA,NA,NA,NA,NA
9/24/2018,2,3,ETFE-Folie,35,ohne,ohne,82,14,3,14,0,0,0,NA,NA,NA,NA,NA
9/24/2018,2,3,ETFE-Folie,36,ohne,ohne,78,15,2,14,0,0,0,NA,NA,NA,NA,NA
9/24/2018,2,3,ETFE-Folie,37,mit,ohne,73,16,2,9,0,0,0,NA,NA,NA,NA,NA
9/24/2018,2,3,ETFE-Folie,38,mit,ohne,62,13,2,12,0,0,0,NA,NA,NA,NA,NA
9/24/2018,2,3,ETFE-Folie,39,mit,ohne,75,16,2,9,0,0,0,NA,NA,NA,NA,NA
9/24/2018,2,3,ETFE-Folie,40,mit,ohne,76,14,2,18,0,0,0,NA,NA,NA,NA,NA
9/24/2018,2,3,ETFE-Folie,41,mit,mit,75,14,2,8,0,0,0,NA,NA,NA,NA,NA
9/24/2018,2,3,ETFE-Folie,42,mit,mit,70,14,2,14,0,0,0,NA,NA,NA,NA,NA
9/24/2018,2,3,ETFE-Folie,43,mit,mit,82,16,2,9,0,0,0,NA,NA,NA,NA,NA
9/24/2018,2,3,ETFE-Folie,44,mit,mit,62,14,2,9,0,0,0,NA,NA,NA,NA,NA
9/24/2018,2,3,ETFE-Folie,45,ohne,mit,78,15,3,10,0,0,0,NA,NA,NA,NA,NA
9/24/2018,2,3,ETFE-Folie,46,ohne,mit,84,15,3,4,0,0,0,NA,NA,NA,NA,NA
9/24/2018,2,3,ETFE-Folie,47,ohne,mit,72,14,2,6,0,0,0,NA,NA,NA,NA,NA
9/24/2018,2,3,ETFE-Folie,48,ohne,mit,79,15,2,4,0,0,0,NA,NA,NA,NA,NA
9/24/2018,2,4,Floatglas,49,ohne,ohne,83,15,2,5,0,0,0,NA,NA,NA,NA,NA
9/24/2018,2,4,Floatglas,50,ohne,ohne,77,15,2,11,0,0,0,NA,NA,NA,NA,NA
9/24/2018,2,4,Floatglas,51,ohne,ohne,70,14,2,12,0,0,0,NA,NA,NA,NA,NA
9/24/2018,2,4,Floatglas,52,ohne,ohne,66,13,2,11,0,0,0,NA,NA,NA,NA,NA
9/24/2018,2,4,Floatglas,53,mit,ohne,73,12,1,8,0,0,0,NA,NA,NA,NA,NA
9/24/2018,2,4,Floatglas,54,mit,ohne,77,15,2,12,0,0,0,NA,NA,NA,NA,NA
9/24/2018,2,4,Floatglas,55,mit,ohne,70,13,2,8,0,0,0,NA,NA,NA,NA,NA
9/24/2018,2,4,Floatglas,56,mit,ohne,72,14,2,15,0,0,0,NA,NA,NA,NA,NA
9/24/2018,2,4,Floatglas,57,mit,mit,64,12,2,9,0,0,0,NA,NA,NA,NA,NA
9/24/2018,2,4,Floatglas,58,mit,mit,58,12,1,15,0,0,0,NA,NA,NA,NA,NA
9/24/2018,2,4,Floatglas,59,mit,mit,75,15,2,9,0,0,0,NA,NA,NA,NA,NA
9/24/2018,2,4,Floatglas,60,mit,mit,62,12,1,11,0,0,0,NA,NA,NA,NA,NA
9/24/2018,2,4,Floatglas,61,ohne,mit,70,14,2,7,0,0,0,NA,NA,NA,NA,NA
9/24/2018,2,4,Floatglas,62,ohne,mit,79,14,2,5,0,0,0,NA,NA,NA,NA,NA
9/24/2018,2,4,Floatglas,63,ohne,mit,75,13,2,6,0,0,0,NA,NA,NA,NA,NA
9/24/2018,2,4,Floatglas,64,ohne,mit,72,14,2,5,0,0,0,NA,NA,NA,NA,NA
9/24/2018,2,5,Solarglas,65,ohne,ohne,64,14,2,20,0,0,0,NA,NA,NA,NA,NA
9/24/2018,2,5,Solarglas,66,ohne,ohne,71,14,2,13,0,0,0,NA,NA,NA,NA,NA
9/24/2018,2,5,Solarglas,67,ohne,ohne,73,14,2,10,0,0,0,NA,NA,NA,NA,NA
9/24/2018,2,5,Solarglas,68,ohne,ohne,70,15,2,11,0,0,0,NA,NA,NA,NA,NA
9/24/2018,2,5,Solarglas,69,mit,ohne,80,16,2,23,0,0,0,NA,NA,NA,NA,NA
9/24/2018,2,5,Solarglas,70,mit,ohne,84,15,2,8,0,0,0,NA,NA,NA,NA,NA
9/24/2018,2,5,Solarglas,71,mit,ohne,75,15,2,10,0,0,0,NA,NA,NA,NA,NA
9/24/2018,2,5,Solarglas,72,mit,ohne,65,12,1,14,0,0,0,NA,NA,NA,NA,NA
9/24/2018,2,5,Solarglas,73,mit,mit,63,15,2,9,0,0,0,NA,NA,NA,NA,NA
9/24/2018,2,5,Solarglas,74,mit,mit,61,11,1,14,0,0,0,NA,NA,NA,NA,NA
9/24/2018,2,5,Solarglas,75,mit,mit,69,16,3,15,0,0,0,NA,NA,NA,NA,NA
9/24/2018,2,5,Solarglas,76,mit,mit,65,12,2,17,0,0,0,NA,NA,NA,NA,NA
9/24/2018,2,5,Solarglas,77,ohne,mit,65,15,2,11,0,0,0,NA,NA,NA,NA,NA
9/24/2018,2,5,Solarglas,78,ohne,mit,64,13,2,7,0,0,0,NA,NA,NA,NA,NA
9/24/2018,2,5,Solarglas,79,ohne,mit,71,14,2,7,0,0,0,NA,NA,NA,NA,NA
9/24/2018,2,5,Solarglas,80,ohne,mit,78,14,2,10,0,0,0,NA,NA,NA,NA,NA
9/24/2018,2,6,ETFE-Folie,81,ohne,ohne,79,15,2,19,0,0,0,NA,NA,NA,NA,NA
9/24/2018,2,6,ETFE-Folie,82,ohne,ohne,82,15,2,14,0,0,0,NA,NA,NA,NA,NA
9/24/2018,2,6,ETFE-Folie,83,ohne,ohne,78,15,3,15,0,0,0,NA,NA,NA,NA,NA
9/24/2018,2,6,ETFE-Folie,84,ohne,ohne,77,16,3,16,0,0,0,NA,NA,NA,NA,NA
9/24/2018,2,6,ETFE-Folie,85,mit,ohne,62,16,2,24,0,0,0,NA,NA,NA,NA,NA
9/24/2018,2,6,ETFE-Folie,86,mit,ohne,65,13,2,11,0,0,0,NA,NA,NA,NA,NA
9/24/2018,2,6,ETFE-Folie,87,mit,ohne,73,15,2,16,0,0,0,NA,NA,NA,NA,NA
9/24/2018,2,6,ETFE-Folie,88,mit,ohne,72,13,2,11,0,0,0,NA,NA,NA,NA,NA
9/24/2018,2,6,ETFE-Folie,89,mit,mit,81,15,2,10,0,0,0,NA,NA,NA,NA,NA
9/24/2018,2,6,ETFE-Folie,90,mit,mit,67,14,1,15,0,0,0,NA,NA,NA,NA,NA
9/24/2018,2,6,ETFE-Folie,91,mit,mit,73,13,2,15,0,0,0,NA,NA,NA,NA,NA
9/24/2018,2,6,ETFE-Folie,92,mit,mit,68,13,1,19,0,0,0,NA,NA,NA,NA,NA
9/24/2018,2,6,ETFE-Folie,93,ohne,mit,82,15,2,9,0,0,0,NA,NA,NA,NA,NA
9/24/2018,2,6,ETFE-Folie,94,ohne,mit,74,15,2,7,0,0,0,NA,NA,NA,NA,NA
9/24/2018,2,6,ETFE-Folie,95,ohne,mit,83,15,2,8,0,0,0,NA,NA,NA,NA,NA
9/24/2018,2,6,ETFE-Folie,96,ohne,mit,78,14,2,11,0,0,0,NA,NA,NA,NA,NA
10/1/2018,3,1,Floatglas,1,ohne,ohne,95,16,3,0,0,0,0,NA,NA,NA,NA,NA
10/1/2018,3,1,Floatglas,2,ohne,ohne,82,18,4,0,0,0,0,NA,NA,NA,NA,NA
10/1/2018,3,1,Floatglas,3,ohne,ohne,85,15,3,0,0,0,0,NA,NA,NA,NA,NA
10/1/2018,3,1,Floatglas,4,ohne,ohne,85,15,3,0,0,0,0,NA,NA,NA,NA,NA
10/1/2018,3,1,Floatglas,5,mit,ohne,80,16,3,0,0,0,0,NA,NA,NA,NA,NA
10/1/2018,3,1,Floatglas,6,mit,ohne,80,15,3,0,0,0,0,NA,NA,NA,NA,NA
10/1/2018,3,1,Floatglas,7,mit,ohne,81,15,3,0,0,0,0,NA,NA,NA,NA,NA
10/1/2018,3,1,Floatglas,8,mit,ohne,84,16,2,0,0,0,0,NA,NA,NA,NA,NA
10/1/2018,3,1,Floatglas,9,mit,mit,80,15,3,0,0,0,0,NA,NA,NA,NA,NA
10/1/2018,3,1,Floatglas,10,mit,mit,78,14,2,0,0,0,0,NA,NA,NA,NA,NA
10/1/2018,3,1,Floatglas,11,mit,mit,94,16,4,0,0,0,0,NA,NA,NA,NA,NA
10/1/2018,3,1,Floatglas,12,mit,mit,76,14,3,0,0,0,0,NA,NA,NA,NA,NA
10/1/2018,3,1,Floatglas,13,ohne,mit,80,13,2,0,0,0,0,NA,NA,NA,NA,NA
10/1/2018,3,1,Floatglas,14,ohne,mit,85,15,3,1,0,0,0,NA,NA,NA,NA,NA
10/1/2018,3,1,Floatglas,15,ohne,mit,91,15,3,0,0,0,0,NA,NA,NA,NA,NA
10/1/2018,3,1,Floatglas,16,ohne,mit,100,16,4,1,0,0,0,NA,NA,NA,NA,NA
10/1/2018,3,2,Solarglas,17,ohne,ohne,80,16,4,2,0,0,0,NA,NA,NA,NA,NA
10/1/2018,3,2,Solarglas,18,ohne,ohne,88,16,3,0,0,0,0,NA,NA,NA,NA,NA
10/1/2018,3,2,Solarglas,19,ohne,ohne,93,14,4,2,0,0,0,NA,NA,NA,NA,NA
10/1/2018,3,2,Solarglas,20,ohne,ohne,80,15,3,2,0,0,0,NA,NA,NA,NA,NA
10/1/2018,3,2,Solarglas,21,mit,ohne,80,15,2,0,0,0,0,NA,NA,NA,NA,NA
10/1/2018,3,2,Solarglas,22,mit,ohne,90,14,3,0,0,0,0,NA,NA,NA,NA,NA
10/1/2018,3,2,Solarglas,23,mit,ohne,84,15,3,0,0,0,0,NA,NA,NA,NA,NA
10/1/2018,3,2,Solarglas,24,mit,ohne,82,16,3,0,0,0,0,NA,NA,NA,NA,NA
10/1/2018,3,2,Solarglas,25,mit,mit,85,16,4,0,0,0,0,NA,NA,NA,NA,NA
10/1/2018,3,2,Solarglas,26,mit,mit,79,14,3,0,0,0,0,NA,NA,NA,NA,NA
10/1/2018,3,2,Solarglas,27,mit,mit,80,15,2,0,0,0,0,NA,NA,NA,NA,NA
10/1/2018,3,2,Solarglas,28,mit,mit,74,13,2,0,0,0,0,NA,NA,NA,NA,NA
10/1/2018,3,2,Solarglas,29,ohne,mit,93,18,4,1,0,0,0,NA,NA,NA,NA,NA
10/1/2018,3,2,Solarglas,30,ohne,mit,94,16,3,2,0,0,0,NA,NA,NA,NA,NA
10/1/2018,3,2,Solarglas,31,ohne,mit,96,17,3,0,0,0,0,NA,NA,NA,NA,NA
10/1/2018,3,2,Solarglas,32,ohne,mit,103,16,3,1,0,0,0,NA,NA,NA,NA,NA
10/1/2018,3,3,ETFE-Folie,33,ohne,ohne,90,15,2,0,0,0,0,NA,NA,NA,NA,NA
10/1/2018,3,3,ETFE-Folie,34,ohne,ohne,93,16,3,0,0,0,0,NA,NA,NA,NA,NA
10/1/2018,3,3,ETFE-Folie,35,ohne,ohne,97,15,5,2,0,0,0,NA,NA,NA,NA,NA
10/1/2018,3,3,ETFE-Folie,36,ohne,ohne,91,17,3,1,0,0,0,NA,NA,NA,NA,NA
10/1/2018,3,3,ETFE-Folie,37,mit,ohne,86,16,3,0,0,0,0,NA,NA,NA,NA,NA
10/1/2018,3,3,ETFE-Folie,38,mit,ohne,74,14,3,0,0,0,0,NA,NA,NA,NA,NA
10/1/2018,3,3,ETFE-Folie,39,mit,ohne,86,17,2,0,0,0,0,NA,NA,NA,NA,NA
10/1/2018,3,3,ETFE-Folie,40,mit,ohne,83,14,2,0,0,0,0,NA,NA,NA,NA,NA
10/1/2018,3,3,ETFE-Folie,41,mit,mit,86,16,2,0,0,0,0,NA,NA,NA,NA,NA
10/1/2018,3,3,ETFE-Folie,42,mit,mit,73,15,3,0,0,0,0,NA,NA,NA,NA,NA
10/1/2018,3,3,ETFE-Folie,43,mit,mit,92,16,3,0,0,0,0,NA,NA,NA,NA,NA
10/1/2018,3,3,ETFE-Folie,44,mit,mit,74,15,2,0,0,0,0,NA,NA,NA,NA,NA
10/1/2018,3,3,ETFE-Folie,45,ohne,mit,90,17,4,1,0,0,0,NA,NA,NA,NA,NA
10/1/2018,3,3,ETFE-Folie,46,ohne,mit,97,17,4,4,0,0,0,NA,NA,NA,NA,NA
10/1/2018,3,3,ETFE-Folie,47,ohne,mit,82,16,4,2,0,0,0,NA,NA,NA,NA,NA
10/1/2018,3,3,ETFE-Folie,48,ohne,mit,100,17,4,0,0,0,0,NA,NA,NA,NA,NA
10/1/2018,3,4,Floatglas,49,ohne,ohne,90,17,3,2,0,0,0,NA,NA,NA,NA,NA
10/1/2018,3,4,Floatglas,50,ohne,ohne,85,18,3,0,0,0,0,NA,NA,NA,NA,NA
10/1/2018,3,4,Floatglas,51,ohne,ohne,81,16,3,0,0,0,0,NA,NA,NA,NA,NA
10/1/2018,3,4,Floatglas,52,ohne,ohne,78,15,4,2,0,0,0,NA,NA,NA,NA,NA
10/1/2018,3,4,Floatglas,53,mit,ohne,80,13,2,0,0,0,0,NA,NA,NA,NA,NA
10/1/2018,3,4,Floatglas,54,mit,ohne,90,16,3,0,0,0,0,NA,NA,NA,NA,NA
10/1/2018,3,4,Floatglas,55,mit,ohne,80,14,2,0,0,0,0,NA,NA,NA,NA,NA
10/1/2018,3,4,Floatglas,56,mit,ohne,82,15,2,0,0,0,0,NA,NA,NA,NA,NA
10/1/2018,3,4,Floatglas,57,mit,mit,74,15,2,0,0,0,0,NA,NA,NA,NA,NA
10/1/2018,3,4,Floatglas,58,mit,mit,70,14,2,0,0,0,0,NA,NA,NA,NA,NA
10/1/2018,3,4,Floatglas,59,mit,mit,87,16,2,0,0,0,0,NA,NA,NA,NA,NA
10/1/2018,3,4,Floatglas,60,mit,mit,70,14,2,0,0,0,0,NA,NA,NA,NA,NA
10/1/2018,3,4,Floatglas,61,ohne,mit,82,15,3,0,0,0,0,NA,NA,NA,NA,NA
10/1/2018,3,4,Floatglas,62,ohne,mit,92,15,3,1,0,0,0,NA,NA,NA,NA,NA
10/1/2018,3,4,Floatglas,63,ohne,mit,87,17,4,2,0,0,0,NA,NA,NA,NA,NA
10/1/2018,3,4,Floatglas,64,ohne,mit,83,16,3,1,0,0,0,NA,NA,NA,NA,NA
10/1/2018,3,5,Solarglas,65,ohne,ohne,70,15,3,0,0,0,0,NA,NA,NA,NA,NA
10/1/2018,3,5,Solarglas,66,ohne,ohne,81,15,2,0,0,0,0,NA,NA,NA,NA,NA
10/1/2018,3,5,Solarglas,67,ohne,ohne,87,15,3,1,0,0,0,NA,NA,NA,NA,NA
10/1/2018,3,5,Solarglas,68,ohne,ohne,85,17,4,0,0,0,0,NA,NA,NA,NA,NA
10/1/2018,3,5,Solarglas,69,mit,ohne,90,18,3,0,0,0,0,NA,NA,NA,NA,NA
10/1/2018,3,5,Solarglas,70,mit,ohne,96,17,3,1,0,0,0,NA,NA,NA,NA,NA
10/1/2018,3,5,Solarglas,71,mit,ohne,84,17,3,1,0,0,0,NA,NA,NA,NA,NA
10/1/2018,3,5,Solarglas,72,mit,ohne,76,14,2,0,0,0,0,NA,NA,NA,NA,NA
10/1/2018,3,5,Solarglas,73,mit,mit,74,18,4,1,0,0,0,NA,NA,NA,NA,NA
10/1/2018,3,5,Solarglas,74,mit,mit,70,13,2,0,0,0,0,NA,NA,NA,NA,NA
10/1/2018,3,5,Solarglas,75,mit,mit,78,19,4,1,0,0,0,NA,NA,NA,NA,NA
10/1/2018,3,5,Solarglas,76,mit,mit,74,13,3,0,0,0,0,NA,NA,NA,NA,NA
10/1/2018,3,5,Solarglas,77,ohne,mit,75,17,3,1,0,0,0,NA,NA,NA,NA,NA
10/1/2018,3,5,Solarglas,78,ohne,mit,73,14,2,1,0,0,0,NA,NA,NA,NA,NA
10/1/2018,3,5,Solarglas,79,ohne,mit,88,17,3,2,0,0,0,NA,NA,NA,NA,NA
10/1/2018,3,5,Solarglas,80,ohne,mit,94,17,3,0,0,0,0,NA,NA,NA,NA,NA
10/1/2018,3,6,ETFE-Folie,81,ohne,ohne,91,17,3,2,0,0,0,NA,NA,NA,NA,NA
10/1/2018,3,6,ETFE-Folie,82,ohne,ohne,93,17,3,2,0,0,0,NA,NA,NA,NA,NA
10/1/2018,3,6,ETFE-Folie,83,ohne,ohne,92,16,3,1,0,0,0,NA,NA,NA,NA,NA
10/1/2018,3,6,ETFE-Folie,84,ohne,ohne,85,17,3,3,0,0,0,NA,NA,NA,NA,NA
10/1/2018,3,6,ETFE-Folie,85,mit,ohne,70,16,3,0,0,0,0,NA,NA,NA,NA,NA
10/1/2018,3,6,ETFE-Folie,86,mit,ohne,74,14,2,0,0,0,0,NA,NA,NA,NA,NA
10/1/2018,3,6,ETFE-Folie,87,mit,ohne,83,16,3,0,0,0,0,NA,NA,NA,NA,NA
10/1/2018,3,6,ETFE-Folie,88,mit,ohne,86,15,3,0,0,0,0,NA,NA,NA,NA,NA
10/1/2018,3,6,ETFE-Folie,89,mit,mit,90,16,3,0,0,0,0,NA,NA,NA,NA,NA
10/1/2018,3,6,ETFE-Folie,90,mit,mit,80,15,2,0,0,0,0,NA,NA,NA,NA,NA
10/1/2018,3,6,ETFE-Folie,91,mit,mit,82,14,3,0,0,0,0,NA,NA,NA,NA,NA
10/1/2018,3,6,ETFE-Folie,92,mit,mit,80,16,3,0,0,0,0,NA,NA,NA,NA,NA
10/1/2018,3,6,ETFE-Folie,93,ohne,mit,95,16,4,0,0,0,0,NA,NA,NA,NA,NA
10/1/2018,3,6,ETFE-Folie,94,ohne,mit,86,15,2,1,0,0,0,NA,NA,NA,NA,NA
10/1/2018,3,6,ETFE-Folie,95,ohne,mit,100,16,4,2,0,0,0,NA,NA,NA,NA,NA
10/1/2018,3,6,ETFE-Folie,96,ohne,mit,95,16,3,0,0,0,0,NA,NA,NA,NA,NA
10/8/2018,4,1,Floatglas,1,ohne,ohne,107,18,4,1,0,0,0,NA,NA,NA,NA,NA
10/8/2018,4,1,Floatglas,2,ohne,ohne,95,19,5,5,0,0,0,NA,NA,NA,NA,NA
10/8/2018,4,1,Floatglas,3,ohne,ohne,100,17,3,0,0,1,0,NA,NA,NA,NA,NA
10/8/2018,4,1,Floatglas,4,ohne,ohne,104,18,4,1,0,3,0,NA,NA,NA,NA,NA
10/8/2018,4,1,Floatglas,5,mit,ohne,96,17,4,0,0,0,0,NA,NA,NA,NA,NA
10/8/2018,4,1,Floatglas,6,mit,ohne,94,17,3,0,0,0,0,NA,NA,NA,NA,NA
10/8/2018,4,1,Floatglas,7,mit,ohne,95,16,4,1,0,2,0,NA,NA,NA,NA,NA
10/8/2018,4,1,Floatglas,8,mit,ohne,100,18,4,0,0,0,0,NA,NA,NA,NA,NA
10/8/2018,4,1,Floatglas,9,mit,mit,94,16,4,1,0,0,0,NA,NA,NA,NA,NA
10/8/2018,4,1,Floatglas,10,mit,mit,90,15,3,0,0,5,0,NA,NA,NA,NA,NA
10/8/2018,4,1,Floatglas,11,mit,mit,105,18,4,0,0,5,0,NA,NA,NA,NA,NA
10/8/2018,4,1,Floatglas,12,mit,mit,90,16,4,0,0,0,0,NA,NA,NA,NA,NA
10/8/2018,4,1,Floatglas,13,ohne,mit,95,15,4,0,0,2,0,NA,NA,NA,NA,NA
10/8/2018,4,1,Floatglas,14,ohne,mit,100,17,4,2,0,3,0,NA,NA,NA,NA,NA
10/8/2018,4,1,Floatglas,15,ohne,mit,110,17,4,1,0,0,0,NA,NA,NA,NA,NA
10/8/2018,4,1,Floatglas,16,ohne,mit,115,17,5,2,0,0,0,NA,NA,NA,NA,NA
10/8/2018,4,2,Solarglas,17,ohne,ohne,95,19,4,5,0,0,0,NA,NA,NA,NA,NA
10/8/2018,4,2,Solarglas,18,ohne,ohne,100,18,4,1,0,0,0,NA,NA,NA,NA,NA
10/8/2018,4,2,Solarglas,19,ohne,ohne,105,21,5,4,0,3,0,NA,NA,NA,NA,NA
10/8/2018,4,2,Solarglas,20,ohne,ohne,95,17,4,2,0,4,0,NA,NA,NA,NA,NA
10/8/2018,4,2,Solarglas,21,mit,ohne,90,18,4,0,0,1,0,NA,NA,NA,NA,NA
10/8/2018,4,2,Solarglas,22,mit,ohne,105,17,5,2,0,2,0,NA,NA,NA,NA,NA
10/8/2018,4,2,Solarglas,23,mit,ohne,100,17,3,0,0,5,0,NA,NA,NA,NA,NA
10/8/2018,4,2,Solarglas,24,mit,ohne,94,19,4,1,0,1,0,NA,NA,NA,NA,NA
10/8/2018,4,2,Solarglas,25,mit,mit,105,20,5,6,0,0,0,NA,NA,NA,NA,NA
10/8/2018,4,2,Solarglas,26,mit,mit,95,18,3,3,0,5,0,NA,NA,NA,NA,NA
10/8/2018,4,2,Solarglas,27,mit,mit,100,17,5,0,0,4,0,NA,NA,NA,NA,NA
10/8/2018,4,2,Solarglas,28,mit,mit,90,17,3,2,0,1,0,NA,NA,NA,NA,NA
10/8/2018,4,2,Solarglas,29,ohne,mit,110,20,5,2,0,3,0,NA,NA,NA,NA,NA
10/8/2018,4,2,Solarglas,30,ohne,mit,112,19,4,2,0,3,0,NA,NA,NA,NA,NA
10/8/2018,4,2,Solarglas,31,ohne,mit,110,20,4,0,0,1,0,NA,NA,NA,NA,NA
10/8/2018,4,2,Solarglas,32,ohne,mit,120,19,4,1,0,0,0,NA,NA,NA,NA,NA
10/8/2018,4,3,ETFE-Folie,33,ohne,ohne,105,19,3,0,0,0,0,NA,NA,NA,NA,NA
10/8/2018,4,3,ETFE-Folie,34,ohne,ohne,108,19,4,0,0,0,0,NA,NA,NA,NA,NA
10/8/2018,4,3,ETFE-Folie,35,ohne,ohne,110,17,5,4,0,1,0,NA,NA,NA,NA,NA
10/8/2018,4,3,ETFE-Folie,36,ohne,ohne,104,19,4,2,0,5,0,NA,NA,NA,NA,NA
10/8/2018,4,3,ETFE-Folie,37,mit,ohne,97,19,4,0,0,0,0,NA,NA,NA,NA,NA
10/8/2018,4,3,ETFE-Folie,38,mit,ohne,87,14,4,0,0,0,0,NA,NA,NA,NA,NA
10/8/2018,4,3,ETFE-Folie,39,mit,ohne,100,19,4,2,0,3,0,NA,NA,NA,NA,NA
10/8/2018,4,3,ETFE-Folie,40,mit,ohne,90,15,3,0,0,5,0,NA,NA,NA,NA,NA
10/8/2018,4,3,ETFE-Folie,41,mit,mit,90,19,4,2,0,5,0,NA,NA,NA,NA,NA
10/8/2018,4,3,ETFE-Folie,42,mit,mit,105,16,5,0,0,6,0,NA,NA,NA,NA,NA
10/8/2018,4,3,ETFE-Folie,43,mit,mit,120,19,4,0,0,2,0,NA,NA,NA,NA,NA
10/8/2018,4,3,ETFE-Folie,44,mit,mit,93,17,4,0,0,7,0,NA,NA,NA,NA,NA
10/8/2018,4,3,ETFE-Folie,45,ohne,mit,106,19,5,3,0,7,0,NA,NA,NA,NA,NA
10/8/2018,4,3,ETFE-Folie,46,ohne,mit,112,18,5,6,0,0,0,NA,NA,NA,NA,NA
10/8/2018,4,3,ETFE-Folie,47,ohne,mit,100,18,4,3,0,0,0,NA,NA,NA,NA,NA
10/8/2018,4,3,ETFE-Folie,48,ohne,mit,112,19,5,6,0,1,0,NA,NA,NA,NA,NA
10/8/2018,4,4,Floatglas,49,ohne,ohne,110,19,4,3,0,5,0,NA,NA,NA,NA,NA
10/8/2018,4,4,Floatglas,50,ohne,ohne,100,19,5,8,0,2,0,NA,NA,NA,NA,NA
10/8/2018,4,4,Floatglas,51,ohne,ohne,100,18,4,0,0,2,0,NA,NA,NA,NA,NA
10/8/2018,4,4,Floatglas,52,ohne,ohne,95,17,3,2,0,5,0,NA,NA,NA,NA,NA
10/8/2018,4,4,Floatglas,53,mit,ohne,95,15,2,0,0,6,0,NA,NA,NA,NA,NA
10/8/2018,4,4,Floatglas,54,mit,ohne,100,17,4,0,0,1,0,NA,NA,NA,NA,NA
10/8/2018,4,4,Floatglas,55,mit,ohne,97,16,4,0,0,3,0,NA,NA,NA,NA,NA
10/8/2018,4,4,Floatglas,56,mit,ohne,95,16,4,1,0,12,0,NA,NA,NA,NA,NA
10/8/2018,4,4,Floatglas,57,mit,mit,90,17,3,1,0,7,0,NA,NA,NA,NA,NA
10/8/2018,4,4,Floatglas,58,mit,mit,87,17,3,0,0,7,0,NA,NA,NA,NA,NA
10/8/2018,4,4,Floatglas,59,mit,mit,100,17,5,0,0,2,0,NA,NA,NA,NA,NA
10/8/2018,4,4,Floatglas,60,mit,mit,87,16,4,0,0,7,0,NA,NA,NA,NA,NA
10/8/2018,4,4,Floatglas,61,ohne,mit,94,17,4,1,0,7,0,NA,NA,NA,NA,NA
10/8/2018,4,4,Floatglas,62,ohne,mit,110,18,5,2,0,3,0,NA,NA,NA,NA,NA
10/8/2018,4,4,Floatglas,63,ohne,mit,105,18,5,2,0,1,0,NA,NA,NA,NA,NA
10/8/2018,4,4,Floatglas,64,ohne,mit,96,19,4,2,0,4,0,NA,NA,NA,NA,NA
10/8/2018,4,5,Solarglas,65,ohne,ohne,87,17,3,0,0,0,0,NA,NA,NA,NA,NA
10/8/2018,4,5,Solarglas,66,ohne,ohne,97,18,3,0,0,5,0,NA,NA,NA,NA,NA
10/8/2018,4,5,Solarglas,67,ohne,ohne,95,18,4,1,0,5,0,NA,NA,NA,NA,NA
10/8/2018,4,5,Solarglas,68,ohne,ohne,100,19,4,0,0,1,0,NA,NA,NA,NA,NA
10/8/2018,4,5,Solarglas,69,mit,ohne,106,20,3,2,0,8,0,NA,NA,NA,NA,NA
10/8/2018,4,5,Solarglas,70,mit,ohne,110,18,4,2,0,0,0,NA,NA,NA,NA,NA
10/8/2018,4,5,Solarglas,71,mit,ohne,105,19,4,2,0,6,0,NA,NA,NA,NA,NA
10/8/2018,4,5,Solarglas,72,mit,ohne,93,17,3,0,0,1,0,NA,NA,NA,NA,NA
10/8/2018,4,5,Solarglas,73,mit,mit,86,19,5,2,0,9,0,NA,NA,NA,NA,NA
10/8/2018,4,5,Solarglas,74,mit,mit,85,15,3,0,0,5,0,NA,NA,NA,NA,NA
10/8/2018,4,5,Solarglas,75,mit,mit,98,20,5,1,0,6,0,NA,NA,NA,NA,NA
10/8/2018,4,5,Solarglas,76,mit,mit,90,15,4,0,0,4,0,NA,NA,NA,NA,NA
10/8/2018,4,5,Solarglas,77,ohne,mit,90,19,4,1,0,9,0,NA,NA,NA,NA,NA
10/8/2018,4,5,Solarglas,78,ohne,mit,90,16,3,1,0,6,0,NA,NA,NA,NA,NA
10/8/2018,4,5,Solarglas,79,ohne,mit,105,19,4,2,0,5,0,NA,NA,NA,NA,NA
10/8/2018,4,5,Solarglas,80,ohne,mit,107,18,4,2,0,8,0,NA,NA,NA,NA,NA
10/8/2018,4,6,ETFE-Folie,81,ohne,ohne,106,19,5,3,0,0,0,NA,NA,NA,NA,NA
10/8/2018,4,6,ETFE-Folie,82,ohne,ohne,110,19,4,3,0,1,0,NA,NA,NA,NA,NA
10/8/2018,4,6,ETFE-Folie,83,ohne,ohne,104,19,5,3,0,1,0,NA,NA,NA,NA,NA
10/8/2018,4,6,ETFE-Folie,84,ohne,ohne,98,18,3,4,0,0,0,NA,NA,NA,NA,NA
10/8/2018,4,6,ETFE-Folie,85,mit,ohne,86,20,4,0,0,6,0,NA,NA,NA,NA,NA
10/8/2018,4,6,ETFE-Folie,86,mit,ohne,91,16,3,0,0,0,0,NA,NA,NA,NA,NA
10/8/2018,4,6,ETFE-Folie,87,mit,ohne,96,18,4,0,0,5,0,NA,NA,NA,NA,NA
10/8/2018,4,6,ETFE-Folie,88,mit,ohne,96,17,4,1,0,1,0,NA,NA,NA,NA,NA
10/8/2018,4,6,ETFE-Folie,89,mit,mit,100,19,4,0,0,2,0,NA,NA,NA,NA,NA
10/8/2018,4,6,ETFE-Folie,90,mit,mit,95,17,3,0,0,8,0,NA,NA,NA,NA,NA
10/8/2018,4,6,ETFE-Folie,91,mit,mit,95,17,4,0,0,8,0,NA,NA,NA,NA,NA
10/8/2018,4,6,ETFE-Folie,92,mit,mit,92,17,3,0,0,4,0,NA,NA,NA,NA,NA
10/8/2018,4,6,ETFE-Folie,93,ohne,mit,107,20,3,2,0,9,0,NA,NA,NA,NA,NA
10/8/2018,4,6,ETFE-Folie,94,ohne,mit,96,18,4,1,0,4,0,NA,NA,NA,NA,NA
10/8/2018,4,6,ETFE-Folie,95,ohne,mit,115,18,5,3,0,4,0,NA,NA,NA,NA,NA
10/8/2018,4,6,ETFE-Folie,96,ohne,mit,107,18,4,3,0,8,0,NA,NA,NA,NA,NA
10/15/2018,5,1,Floatglas,1,ohne,ohne,120,20,5,7,0,2,0,NA,NA,NA,NA,NA
10/15/2018,5,1,Floatglas,2,ohne,ohne,119,23,6,6,0,6,0,NA,NA,NA,NA,NA
10/15/2018,5,1,Floatglas,3,ohne,ohne,117,20,4,0,0,1,0,NA,NA,NA,NA,NA
10/15/2018,5,1,Floatglas,4,ohne,ohne,122,20,5,4,0,3,0,NA,NA,NA,NA,NA
10/15/2018,5,1,Floatglas,5,mit,ohne,107,19,5,0,0,6,0,NA,NA,NA,NA,NA
10/15/2018,5,1,Floatglas,6,mit,ohne,108,21,4,1,0,5,0,NA,NA,NA,NA,NA
10/15/2018,5,1,Floatglas,7,mit,ohne,109,21,5,2,0,4,0,NA,NA,NA,NA,NA
10/15/2018,5,1,Floatglas,8,mit,ohne,110,22,4,1,0,3,0,NA,NA,NA,NA,NA
10/15/2018,5,1,Floatglas,9,mit,mit,108,19,4,2,0,4,0,NA,NA,NA,NA,NA
10/15/2018,5,1,Floatglas,10,mit,mit,110,18,4,1,0,3,0,NA,NA,NA,NA,NA
10/15/2018,5,1,Floatglas,11,mit,mit,113,22,4,1,0,6,0,NA,NA,NA,NA,NA
10/15/2018,5,1,Floatglas,12,mit,mit,109,19,4,0,0,4,0,NA,NA,NA,NA,NA
10/15/2018,5,1,Floatglas,13,ohne,mit,103,18,4,1,0,3,0,NA,NA,NA,NA,NA
10/15/2018,5,1,Floatglas,14,ohne,mit,95,20,5,8,0,5,0,NA,NA,NA,NA,NA
10/15/2018,5,1,Floatglas,15,ohne,mit,117,19,5,4,0,1,0,NA,NA,NA,NA,NA
10/15/2018,5,1,Floatglas,16,ohne,mit,128,20,6,6,0,6,0,NA,NA,NA,NA,NA
10/15/2018,5,2,Solarglas,17,ohne,ohne,114,24,5,8,0,2,0,NA,NA,NA,NA,NA
10/15/2018,5,2,Solarglas,18,ohne,ohne,118,22,5,4,0,4,0,NA,NA,NA,NA,NA
10/15/2018,5,2,Solarglas,19,ohne,ohne,125,24,6,9,0,1,0,NA,NA,NA,NA,NA
10/15/2018,5,2,Solarglas,20,ohne,ohne,111,22,4,8,0,2,0,NA,NA,NA,NA,NA
10/15/2018,5,2,Solarglas,21,mit,ohne,105,24,5,2,0,6,0,NA,NA,NA,NA,NA
10/15/2018,5,2,Solarglas,22,mit,ohne,125,20,6,5,0,5,0,NA,NA,NA,NA,NA
10/15/2018,5,2,Solarglas,23,mit,ohne,119,22,4,3,0,2,0,NA,NA,NA,NA,NA
10/15/2018,5,2,Solarglas,24,mit,ohne,109,23,7,8,0,5,0,NA,NA,NA,NA,NA
10/15/2018,5,2,Solarglas,25,mit,mit,108,23,4,3,0,1,0,NA,NA,NA,NA,NA
10/15/2018,5,2,Solarglas,26,mit,mit,102,21,5,4,0,3,0,NA,NA,NA,NA,NA
10/15/2018,5,2,Solarglas,27,mit,mit,115,22,4,3,0,3,0,NA,NA,NA,NA,NA
10/15/2018,5,2,Solarglas,28,mit,mit,105,23,5,9,0,5,0,NA,NA,NA,NA,NA
10/15/2018,5,2,Solarglas,29,ohne,mit,115,24,4,7,0,5,0,NA,NA,NA,NA,NA
10/15/2018,5,2,Solarglas,30,ohne,mit,117,19,6,7,0,3,0,NA,NA,NA,NA,NA
10/15/2018,5,2,Solarglas,31,ohne,mit,124,25,5,7,0,1,0,NA,NA,NA,NA,NA
10/15/2018,5,2,Solarglas,32,ohne,mit,125,20,5,8,0,5,0,NA,NA,NA,NA,NA
10/15/2018,5,3,ETFE-Folie,33,ohne,ohne,118,23,3,10,0,8,0,NA,NA,NA,NA,NA
10/15/2018,5,3,ETFE-Folie,34,ohne,ohne,121,24,3,12,0,5,0,NA,NA,NA,NA,NA
10/15/2018,5,3,ETFE-Folie,35,ohne,ohne,120,23,7,10,0,8,0,NA,NA,NA,NA,NA
10/15/2018,5,3,ETFE-Folie,36,ohne,ohne,121,30,7,8,0,3,0,NA,NA,NA,NA,NA
10/15/2018,5,3,ETFE-Folie,37,mit,ohne,109,23,5,12,0,3,0,NA,NA,NA,NA,NA
10/15/2018,5,3,ETFE-Folie,38,mit,ohne,97,21,6,3,0,6,0,NA,NA,NA,NA,NA
10/15/2018,5,3,ETFE-Folie,39,mit,ohne,87,23,5,12,0,5,0,NA,NA,NA,NA,NA
10/15/2018,5,3,ETFE-Folie,40,mit,ohne,105,24,6,7,0,3,0,NA,NA,NA,NA,NA
10/15/2018,5,3,ETFE-Folie,41,mit,mit,100,21,4,9,0,0,0,NA,NA,NA,NA,NA
10/15/2018,5,3,ETFE-Folie,42,mit,mit,105,23,3,6,0,6,0,NA,NA,NA,NA,NA
10/15/2018,5,3,ETFE-Folie,43,mit,mit,117,23,5,13,0,1,0,NA,NA,NA,NA,NA
10/15/2018,5,3,ETFE-Folie,44,mit,mit,104,22,4,4,0,0,0,NA,NA,NA,NA,NA
10/15/2018,5,3,ETFE-Folie,45,ohne,mit,107,23,5,12,0,0,0,NA,NA,NA,NA,NA
10/15/2018,5,3,ETFE-Folie,46,ohne,mit,116,22,3,9,0,3,0,NA,NA,NA,NA,NA
10/15/2018,5,3,ETFE-Folie,47,ohne,mit,104,23,5,9,0,10,0,NA,NA,NA,NA,NA
10/15/2018,5,3,ETFE-Folie,48,ohne,mit,120,22,6,9,0,7,0,NA,NA,NA,NA,NA
10/15/2018,5,4,Floatglas,49,ohne,ohne,120,21,5,6,0,7,0,NA,NA,NA,NA,NA
10/15/2018,5,4,Floatglas,50,ohne,ohne,100,29,6,9,0,7,0,NA,NA,NA,NA,NA
10/15/2018,5,4,Floatglas,51,ohne,ohne,120,23,5,3,0,6,0,NA,NA,NA,NA,NA
10/15/2018,5,4,Floatglas,52,ohne,ohne,110,21,5,9,0,5,0,NA,NA,NA,NA,NA
10/15/2018,5,4,Floatglas,53,mit,ohne,107,17,3,3,0,8,0,NA,NA,NA,NA,NA
10/15/2018,5,4,Floatglas,54,mit,ohne,109,21,4,2,0,6,0,NA,NA,NA,NA,NA
10/15/2018,5,4,Floatglas,55,mit,ohne,102,28,4,3,0,14,0,NA,NA,NA,NA,NA
10/15/2018,5,4,Floatglas,56,mit,ohne,103,27,3,5,0,5,0,NA,NA,NA,NA,NA
10/15/2018,5,4,Floatglas,57,mit,mit,95,27,3,3,0,0,0,NA,NA,NA,NA,NA
10/15/2018,5,4,Floatglas,58,mit,mit,100,28,3,1,0,6,0,NA,NA,NA,NA,NA
10/15/2018,5,4,Floatglas,59,mit,mit,102,28,3,0,0,2,0,NA,NA,NA,NA,NA
10/15/2018,5,4,Floatglas,60,mit,mit,90,27,3,1,0,0,0,NA,NA,NA,NA,NA
10/15/2018,5,4,Floatglas,61,ohne,mit,98,29,4,7,0,0,0,NA,NA,NA,NA,NA
10/15/2018,5,4,Floatglas,62,ohne,mit,110,28,4,3,0,4,0,NA,NA,NA,NA,NA
10/15/2018,5,4,Floatglas,63,ohne,mit,110,30,5,2,0,12,0,NA,NA,NA,NA,NA
10/15/2018,5,4,Floatglas,64,ohne,mit,100,32,4,4,0,7,0,NA,NA,NA,NA,NA
10/15/2018,5,5,Solarglas,65,ohne,ohne,104,21,3,3,0,8,0,NA,NA,NA,NA,NA
10/15/2018,5,5,Solarglas,66,ohne,ohne,112,21,4,8,0,3,0,NA,NA,NA,NA,NA
10/15/2018,5,5,Solarglas,67,ohne,ohne,104,22,5,7,0,2,0,NA,NA,NA,NA,NA
10/15/2018,5,5,Solarglas,68,ohne,ohne,107,23,5,9,0,4,0,NA,NA,NA,NA,NA
10/15/2018,5,5,Solarglas,69,mit,ohne,112,23,4,7,0,3,0,NA,NA,NA,NA,NA
10/15/2018,5,5,Solarglas,70,mit,ohne,120,22,4,7,0,7,0,NA,NA,NA,NA,NA
10/15/2018,5,5,Solarglas,71,mit,ohne,113,22,4,6,0,0,0,NA,NA,NA,NA,NA
10/15/2018,5,5,Solarglas,72,mit,ohne,108,21,4,7,0,5,0,NA,NA,NA,NA,NA
10/15/2018,5,5,Solarglas,73,mit,mit,92,25,4,3,0,3,0,NA,NA,NA,NA,NA
10/15/2018,5,5,Solarglas,74,mit,mit,92,17,3,2,0,2,0,NA,NA,NA,NA,NA
10/15/2018,5,5,Solarglas,75,mit,mit,106,25,6,4,0,3,0,NA,NA,NA,NA,NA
10/15/2018,5,5,Solarglas,76,mit,mit,78,15,4,4,0,4,0,NA,NA,NA,NA,NA
10/15/2018,5,5,Solarglas,77,ohne,mit,84,21,5,9,0,8,0,NA,NA,NA,NA,NA
10/15/2018,5,5,Solarglas,78,ohne,mit,89,21,3,6,0,8,0,NA,NA,NA,NA,NA
10/15/2018,5,5,Solarglas,79,ohne,mit,100,22,4,8,0,4,0,NA,NA,NA,NA,NA
10/15/2018,5,5,Solarglas,80,ohne,mit,103,20,5,12,0,8,0,NA,NA,NA,NA,NA
10/15/2018,5,6,ETFE-Folie,81,ohne,ohne,122,23,5,19,0,7,0,NA,NA,NA,NA,NA
10/15/2018,5,6,ETFE-Folie,82,ohne,ohne,126,22,4,14,0,2,0,NA,NA,NA,NA,NA
10/15/2018,5,6,ETFE-Folie,83,ohne,ohne,125,23,7,21,0,2,0,NA,NA,NA,NA,NA
10/15/2018,5,6,ETFE-Folie,84,ohne,ohne,112,23,4,22,0,5,0,NA,NA,NA,NA,NA
10/15/2018,5,6,ETFE-Folie,85,mit,ohne,109,24,4,12,0,2,0,NA,NA,NA,NA,NA
10/15/2018,5,6,ETFE-Folie,86,mit,ohne,118,20,3,5,0,7,0,NA,NA,NA,NA,NA
10/15/2018,5,6,ETFE-Folie,87,mit,ohne,116,21,5,13,0,2,0,NA,NA,NA,NA,NA
10/15/2018,5,6,ETFE-Folie,88,mit,ohne,115,20,4,12,0,4,0,NA,NA,NA,NA,NA
10/15/2018,5,6,ETFE-Folie,89,mit,mit,102,21,3,5,0,1,0,NA,NA,NA,NA,NA
10/15/2018,5,6,ETFE-Folie,90,mit,mit,102,20,3,2,0,0,0,NA,NA,NA,NA,NA
10/15/2018,5,6,ETFE-Folie,91,mit,mit,110,20,4,4,0,6,0,NA,NA,NA,NA,NA
10/15/2018,5,6,ETFE-Folie,92,mit,mit,100,21,5,1,0,4,0,NA,NA,NA,NA,NA
10/15/2018,5,6,ETFE-Folie,93,ohne,mit,121,21,5,5,0,7,0,NA,NA,NA,NA,NA
10/15/2018,5,6,ETFE-Folie,94,ohne,mit,112,23,5,7,0,5,0,NA,NA,NA,NA,NA
10/15/2018,5,6,ETFE-Folie,95,ohne,mit,120,21,4,9,0,2,0,NA,NA,NA,NA,NA
10/15/2018,5,6,ETFE-Folie,96,ohne,mit,117,24,3,5,0,6,0,NA,NA,NA,NA,NA
10/22/2018,6,1,Floatglas,1,ohne,ohne,135,23,6,16,4,4,0,NA,NA,NA,NA,NA
10/22/2018,6,1,Floatglas,2,ohne,ohne,129,24,7,12,5,10,0,NA,NA,NA,NA,NA
10/22/2018,6,1,Floatglas,3,ohne,ohne,130,22,6,8,1,1,0,NA,NA,NA,NA,NA
10/22/2018,6,1,Floatglas,4,ohne,ohne,141,22,6,6,7,7,0,NA,NA,NA,NA,NA
10/22/2018,6,1,Floatglas,5,mit,ohne,122,21,6,4,1,8,0,NA,NA,NA,NA,NA
10/22/2018,6,1,Floatglas,6,mit,ohne,129,22,5,10,3,11,0,NA,NA,NA,NA,NA
10/22/2018,6,1,Floatglas,7,mit,ohne,126,22,6,8,2,11,0,NA,NA,NA,NA,NA
10/22/2018,6,1,Floatglas,8,mit,ohne,129,23,7,7,7,15,0,NA,NA,NA,NA,NA
10/22/2018,6,1,Floatglas,9,mit,mit,125,22,6,11,4,7,0,NA,NA,NA,NA,NA
10/22/2018,6,1,Floatglas,10,mit,mit,123,21,5,4,0,2,0,NA,NA,NA,NA,NA
10/22/2018,6,1,Floatglas,11,mit,mit,135,21,6,6,0,8,0,NA,NA,NA,NA,NA
10/22/2018,6,1,Floatglas,12,mit,mit,130,21,7,4,0,5,0,NA,NA,NA,NA,NA
10/22/2018,6,1,Floatglas,13,ohne,mit,116,20,5,5,0,4,0,NA,NA,NA,NA,NA
10/22/2018,6,1,Floatglas,14,ohne,mit,118,22,5,11,0,11,0,NA,NA,NA,NA,NA
10/22/2018,6,1,Floatglas,15,ohne,mit,126,20,5,5,0,2,0,NA,NA,NA,NA,NA
10/22/2018,6,1,Floatglas,16,ohne,mit,147,21,6,9,0,12,0,NA,NA,NA,NA,NA
10/22/2018,6,2,Solarglas,17,ohne,ohne,132,25,5,18,2,6,0,NA,NA,NA,NA,NA
10/22/2018,6,2,Solarglas,18,ohne,ohne,136,24,5,11,3,12,0,NA,NA,NA,NA,NA
10/22/2018,6,2,Solarglas,19,ohne,ohne,140,27,6,20,0,1,0,NA,NA,NA,NA,NA
10/22/2018,6,2,Solarglas,20,ohne,ohne,130,23,4,11,5,5,0,NA,NA,NA,NA,NA
10/22/2018,6,2,Solarglas,21,mit,ohne,124,22,5,11,1,9,0,NA,NA,NA,NA,NA
10/22/2018,6,2,Solarglas,22,mit,ohne,143,25,6,11,1,12,0,NA,NA,NA,NA,NA
10/22/2018,6,2,Solarglas,23,mit,ohne,138,24,5,8,0,6,0,NA,NA,NA,NA,NA
10/22/2018,6,2,Solarglas,24,mit,ohne,129,24,3,4,5,16,0,NA,NA,NA,NA,NA
10/22/2018,6,2,Solarglas,25,mit,mit,110,24,5,15,4,7,0,NA,NA,NA,NA,NA
10/22/2018,6,2,Solarglas,26,mit,mit,110,26,4,8,0,2,0,NA,NA,NA,NA,NA
10/22/2018,6,2,Solarglas,27,mit,mit,134,24,5,11,0,8,0,NA,NA,NA,NA,NA
10/22/2018,6,2,Solarglas,28,mit,mit,122,22,4,9,0,5,0,NA,NA,NA,NA,NA
10/22/2018,6,2,Solarglas,29,ohne,mit,113,26,5,10,0,4,0,NA,NA,NA,NA,NA
10/22/2018,6,2,Solarglas,30,ohne,mit,113,23,4,6,0,11,0,NA,NA,NA,NA,NA
10/22/2018,6,2,Solarglas,31,ohne,mit,141,26,5,15,0,2,0,NA,NA,NA,NA,NA
10/22/2018,6,2,Solarglas,32,ohne,mit,132,24,5,16,0,12,0,NA,NA,NA,NA,NA
10/22/2018,6,3,ETFE-Folie,33,ohne,ohne,133,25,5,17,0,9,0,NA,NA,NA,NA,NA
10/22/2018,6,3,ETFE-Folie,34,ohne,ohne,132,20,5,18,0,7,0,NA,NA,NA,NA,NA
10/22/2018,6,3,ETFE-Folie,35,ohne,ohne,135,19,7,22,0,8,0,NA,NA,NA,NA,NA
10/22/2018,6,3,ETFE-Folie,36,ohne,ohne,135,22,5,13,2,6,0,NA,NA,NA,NA,NA
10/22/2018,6,3,ETFE-Folie,37,mit,ohne,125,25,6,15,0,16,0,NA,NA,NA,NA,NA
10/22/2018,6,3,ETFE-Folie,38,mit,ohne,84,15,5,5,0,10,0,NA,NA,NA,NA,NA
10/22/2018,6,3,ETFE-Folie,39,mit,ohne,132,26,4,10,0,12,0,NA,NA,NA,NA,NA
10/22/2018,6,3,ETFE-Folie,40,mit,ohne,107,17,6,6,1,8,0,NA,NA,NA,NA,NA
10/22/2018,6,3,ETFE-Folie,41,mit,mit,122,25,5,13,4,0,0,NA,NA,NA,NA,NA
10/22/2018,6,3,ETFE-Folie,42,mit,mit,120,23,4,4,0,5,0,NA,NA,NA,NA,NA
10/22/2018,6,3,ETFE-Folie,43,mit,mit,123,23,5,8,2,3,0,NA,NA,NA,NA,NA
10/22/2018,6,3,ETFE-Folie,44,mit,mit,111,25,6,6,0,0,0,NA,NA,NA,NA,NA
10/22/2018,6,3,ETFE-Folie,45,ohne,mit,113,24,6,12,3,0,0,NA,NA,NA,NA,NA
10/22/2018,6,3,ETFE-Folie,46,ohne,mit,117,22,5,9,0,4,0,NA,NA,NA,NA,NA
10/22/2018,6,3,ETFE-Folie,47,ohne,mit,106,17,2,6,2,10,0,NA,NA,NA,NA,NA
10/22/2018,6,3,ETFE-Folie,48,ohne,mit,130,21,3,11,0,10,0,NA,NA,NA,NA,NA
10/22/2018,6,4,Floatglas,49,ohne,ohne,146,23,7,25,0,7,0,NA,NA,NA,NA,NA
10/22/2018,6,4,Floatglas,50,ohne,ohne,136,26,6,17,3,9,0,NA,NA,NA,NA,NA
10/22/2018,6,4,Floatglas,51,ohne,ohne,145,22,5,13,1,8,0,NA,NA,NA,NA,NA
10/22/2018,6,4,Floatglas,52,ohne,ohne,133,20,6,13,3,6,0,NA,NA,NA,NA,NA
10/22/2018,6,4,Floatglas,53,mit,ohne,131,20,4,7,3,15,0,NA,NA,NA,NA,NA
10/22/2018,6,4,Floatglas,54,mit,ohne,136,21,5,9,1,10,0,NA,NA,NA,NA,NA
10/22/2018,6,4,Floatglas,55,mit,ohne,103,17,4,9,0,12,0,NA,NA,NA,NA,NA
10/22/2018,6,4,Floatglas,56,mit,ohne,129,20,5,16,2,9,0,NA,NA,NA,NA,NA
10/22/2018,6,4,Floatglas,57,mit,mit,89,16,2,9,1,0,0,NA,NA,NA,NA,NA
10/22/2018,6,4,Floatglas,58,mit,mit,121,22,5,8,0,9,0,NA,NA,NA,NA,NA
10/22/2018,6,4,Floatglas,59,mit,mit,110,20,6,7,2,8,0,NA,NA,NA,NA,NA
10/22/2018,6,4,Floatglas,60,mit,mit,94,19,4,7,0,0,0,NA,NA,NA,NA,NA
10/22/2018,6,4,Floatglas,61,ohne,mit,100,19,4,7,0,0,0,NA,NA,NA,NA,NA
10/22/2018,6,4,Floatglas,62,ohne,mit,118,21,5,6,4,4,0,NA,NA,NA,NA,NA
10/22/2018,6,4,Floatglas,63,ohne,mit,111,22,4,4,1,8,0,NA,NA,NA,NA,NA
10/22/2018,6,4,Floatglas,64,ohne,mit,100,21,3,5,2,7,0,NA,NA,NA,NA,NA
10/22/2018,6,5,Solarglas,65,ohne,ohne,124,22,4,8,0,16,0,NA,NA,NA,NA,NA
10/22/2018,6,5,Solarglas,66,ohne,ohne,123,22,4,12,0,11,0,NA,NA,NA,NA,NA
10/22/2018,6,5,Solarglas,67,ohne,ohne,118,24,5,16,0,11,0,NA,NA,NA,NA,NA
10/22/2018,6,5,Solarglas,68,ohne,ohne,114,23,6,14,0,9,0,NA,NA,NA,NA,NA
10/22/2018,6,5,Solarglas,69,mit,ohne,127,29,6,13,0,3,0,NA,NA,NA,NA,NA
10/22/2018,6,5,Solarglas,70,mit,ohne,124,23,5,14,0,9,0,NA,NA,NA,NA,NA
10/22/2018,6,5,Solarglas,71,mit,ohne,110,22,5,11,0,10,0,NA,NA,NA,NA,NA
10/22/2018,6,5,Solarglas,72,mit,ohne,110,21,3,8,0,7,0,NA,NA,NA,NA,NA
10/22/2018,6,5,Solarglas,73,mit,mit,100,23,5,7,0,4,0,NA,NA,NA,NA,NA
10/22/2018,6,5,Solarglas,74,mit,mit,96,17,3,4,0,2,0,NA,NA,NA,NA,NA
10/22/2018,6,5,Solarglas,75,mit,mit,110,25,6,9,1,11,0,NA,NA,NA,NA,NA
10/22/2018,6,5,Solarglas,76,mit,mit,77,15,4,2,0,7,0,NA,NA,NA,NA,NA
10/22/2018,6,5,Solarglas,77,ohne,mit,70,18,6,9,1,10,0,NA,NA,NA,NA,NA
10/22/2018,6,5,Solarglas,78,ohne,mit,85,19,3,6,0,10,0,NA,NA,NA,NA,NA
10/22/2018,6,5,Solarglas,79,ohne,mit,92,19,3,8,0,6,0,NA,NA,NA,NA,NA
10/22/2018,6,5,Solarglas,80,ohne,mit,98,19,4,13,0,9,0,NA,NA,NA,NA,NA
10/22/2018,6,6,ETFE-Folie,81,ohne,ohne,140,25,7,21,1,9,0,NA,NA,NA,NA,NA
10/22/2018,6,6,ETFE-Folie,82,ohne,ohne,144,26,5,16,0,8,0,NA,NA,NA,NA,NA
10/22/2018,6,6,ETFE-Folie,83,ohne,ohne,138,23,6,26,0,9,0,NA,NA,NA,NA,NA
10/22/2018,6,6,ETFE-Folie,84,ohne,ohne,124,23,5,17,0,8,0,NA,NA,NA,NA,NA
10/22/2018,6,6,ETFE-Folie,85,mit,ohne,124,27,4,11,0,1,0,NA,NA,NA,NA,NA
10/22/2018,6,6,ETFE-Folie,86,mit,ohne,134,23,4,6,0,8,0,NA,NA,NA,NA,NA
10/22/2018,6,6,ETFE-Folie,87,mit,ohne,133,25,4,10,0,7,0,NA,NA,NA,NA,NA
10/22/2018,6,6,ETFE-Folie,88,mit,ohne,131,22,12,12,0,6,0,NA,NA,NA,NA,NA
10/22/2018,6,6,ETFE-Folie,89,mit,mit,116,24,5,0,0,2,0,NA,NA,NA,NA,NA
10/22/2018,6,6,ETFE-Folie,90,mit,mit,99,19,6,1,0,2,0,NA,NA,NA,NA,NA
10/22/2018,6,6,ETFE-Folie,91,mit,mit,113,21,5,4,1,9,0,NA,NA,NA,NA,NA
10/22/2018,6,6,ETFE-Folie,92,mit,mit,102,22,4,0,0,8,0,NA,NA,NA,NA,NA
10/22/2018,6,6,ETFE-Folie,93,ohne,mit,125,24,6,4,1,10,0,NA,NA,NA,NA,NA
10/22/2018,6,6,ETFE-Folie,94,ohne,mit,109,23,5,7,0,10,0,NA,NA,NA,NA,NA
10/22/2018,6,6,ETFE-Folie,95,ohne,mit,122,20,6,6,0,6,0,NA,NA,NA,NA,NA
10/22/2018,6,6,ETFE-Folie,96,ohne,mit,116,23,5,5,0,9,0,NA,NA,NA,NA,NA
10/29/2018,7,1,Floatglas,1,ohne,ohne,145,22,6,17,1,0,0,NA,NA,NA,NA,NA
10/29/2018,7,1,Floatglas,2,ohne,ohne,136,23,7,14,6,4,3,NA,NA,NA,NA,NA
10/29/2018,7,1,Floatglas,3,ohne,ohne,140,22,6,14,3,3,1,NA,NA,NA,NA,NA
10/29/2018,7,1,Floatglas,4,ohne,ohne,156,21,6,21,7,5,3,NA,NA,NA,NA,NA
10/29/2018,7,1,Floatglas,5,mit,ohne,141,22,6,16,1,4,0,NA,NA,NA,NA,NA
10/29/2018,7,1,Floatglas,6,mit,ohne,136,19,5,19,2,4,2,NA,NA,NA,NA,NA
10/29/2018,7,1,Floatglas,7,mit,ohne,135,20,6,19,4,6,3,NA,NA,NA,NA,NA
10/29/2018,7,1,Floatglas,8,mit,ohne,138,27,5,23,2,3,2,NA,NA,NA,NA,NA
10/29/2018,7,1,Floatglas,9,mit,mit,135,24,6,19,3,4,2,NA,NA,NA,NA,NA
10/29/2018,7,1,Floatglas,10,mit,mit,132,21,4,13,2,5,1,NA,NA,NA,NA,NA
10/29/2018,7,1,Floatglas,11,mit,mit,145,23,6,16,3,4,1,NA,NA,NA,NA,NA
10/29/2018,7,1,Floatglas,12,mit,mit,138,23,6,16,7,2,1,NA,NA,NA,NA,NA
10/29/2018,7,1,Floatglas,13,ohne,mit,135,21,5,10,5,4,0,NA,NA,NA,NA,NA
10/29/2018,7,1,Floatglas,14,ohne,mit,127,23,5,22,4,4,0,NA,NA,NA,NA,NA
10/29/2018,7,1,Floatglas,15,ohne,mit,127,22,5,20,1,1,0,NA,NA,NA,NA,NA
10/29/2018,7,1,Floatglas,16,ohne,mit,160,25,6,29,1,0,0,NA,NA,NA,NA,NA
10/29/2018,7,2,Solarglas,17,ohne,ohne,139,24,6,21,0,1,0,NA,NA,NA,NA,NA
10/29/2018,7,2,Solarglas,18,ohne,ohne,144,24,6,22,1,4,0,NA,NA,NA,NA,NA
10/29/2018,7,2,Solarglas,19,ohne,ohne,157,28,7,30,2,5,2,NA,NA,NA,NA,NA
10/29/2018,7,2,Solarglas,20,ohne,ohne,138,24,6,15,2,3,2,NA,NA,NA,NA,NA
10/29/2018,7,2,Solarglas,21,mit,ohne,133,25,6,21,1,5,1,NA,NA,NA,NA,NA
10/29/2018,7,2,Solarglas,22,mit,ohne,159,24,7,20,0,1,0,NA,NA,NA,NA,NA
10/29/2018,7,2,Solarglas,23,mit,ohne,152,25,6,20,2,6,0,NA,NA,NA,NA,NA
10/29/2018,7,2,Solarglas,24,mit,ohne,145,23,6,23,0,1,0,NA,NA,NA,NA,NA
10/29/2018,7,2,Solarglas,25,mit,mit,119,25,6,18,1,2,3,NA,NA,NA,NA,NA
10/29/2018,7,2,Solarglas,26,mit,mit,123,25,5,10,1,7,1,NA,NA,NA,NA,NA
10/29/2018,7,2,Solarglas,27,mit,mit,144,26,7,16,2,5,1,NA,NA,NA,NA,NA
10/29/2018,7,2,Solarglas,28,mit,mit,132,23,5,21,6,3,1,NA,NA,NA,NA,NA
10/29/2018,7,2,Solarglas,29,ohne,mit,112,21,5,8,3,5,3,NA,NA,NA,NA,NA
10/29/2018,7,2,Solarglas,30,ohne,mit,114,22,4,8,4,2,0,NA,NA,NA,NA,NA
10/29/2018,7,2,Solarglas,31,ohne,mit,157,26,7,32,1,1,0,NA,NA,NA,NA,NA
10/29/2018,7,2,Solarglas,32,ohne,mit,135,23,5,20,0,1,0,NA,NA,NA,NA,NA
10/29/2018,7,3,ETFE-Folie,33,ohne,ohne,150,26,5,21,0,9,4,NA,NA,NA,NA,NA
10/29/2018,7,3,ETFE-Folie,34,ohne,ohne,150,24,5,23,0,5,1,NA,NA,NA,NA,NA
10/29/2018,7,3,ETFE-Folie,35,ohne,ohne,127,22,5,29,1,5,1,NA,NA,NA,NA,NA
10/29/2018,7,3,ETFE-Folie,36,ohne,ohne,152,23,6,25,2,14,5,NA,NA,NA,NA,NA
10/29/2018,7,3,ETFE-Folie,37,mit,ohne,134,25,4,17,2,6,3,NA,NA,NA,NA,NA
10/29/2018,7,3,ETFE-Folie,38,mit,ohne,99,15,4,13,2,3,1,NA,NA,NA,NA,NA
10/29/2018,7,3,ETFE-Folie,39,mit,ohne,137,24,4,17,1,9,4,NA,NA,NA,NA,NA
10/29/2018,7,3,ETFE-Folie,40,mit,ohne,114,19,36,23,0,13,8,NA,NA,NA,NA,NA
10/29/2018,7,3,ETFE-Folie,41,mit,mit,136,24,5,17,2,10,0,NA,NA,NA,NA,NA
10/29/2018,7,3,ETFE-Folie,42,mit,mit,133,23,6,21,5,8,0,NA,NA,NA,NA,NA
10/29/2018,7,3,ETFE-Folie,43,mit,mit,127,23,5,15,2,4,0,NA,NA,NA,NA,NA
10/29/2018,7,3,ETFE-Folie,44,mit,mit,126,22,6,14,0,16,0,NA,NA,NA,NA,NA
10/29/2018,7,3,ETFE-Folie,45,ohne,mit,106,21,5,11,1,7,0,NA,NA,NA,NA,NA
10/29/2018,7,3,ETFE-Folie,46,ohne,mit,113,19,5,8,0,3,0,NA,NA,NA,NA,NA
10/29/2018,7,3,ETFE-Folie,47,ohne,mit,102,20,4,8,0,3,0,NA,NA,NA,NA,NA
10/29/2018,7,3,ETFE-Folie,48,ohne,mit,120,23,5,19,0,6,0,NA,NA,NA,NA,NA
10/29/2018,7,4,Floatglas,49,ohne,ohne,160,28,6,36,1,5,0,NA,NA,NA,NA,NA
10/29/2018,7,4,Floatglas,50,ohne,ohne,148,29,7,29,3,2,0,NA,NA,NA,NA,NA
10/29/2018,7,4,Floatglas,51,ohne,ohne,155,25,6,26,8,0,0,NA,NA,NA,NA,NA
10/29/2018,7,4,Floatglas,52,ohne,ohne,142,24,6,33,6,2,0,NA,NA,NA,NA,NA
10/29/2018,7,4,Floatglas,53,mit,ohne,146,23,4,16,4,3,0,NA,NA,NA,NA,NA
10/29/2018,7,4,Floatglas,54,mit,ohne,151,27,6,25,7,0,0,NA,NA,NA,NA,NA
10/29/2018,7,4,Floatglas,55,mit,ohne,100,18,4,18,7,1,0,NA,NA,NA,NA,NA
10/29/2018,7,4,Floatglas,56,mit,ohne,138,21,5,22,0,4,0,NA,NA,NA,NA,NA
10/29/2018,7,4,Floatglas,57,mit,mit,85,16,2,14,2,10,10,NA,NA,NA,NA,NA
10/29/2018,7,4,Floatglas,58,mit,mit,131,22,6,18,5,5,5,NA,NA,NA,NA,NA
10/29/2018,7,4,Floatglas,59,mit,mit,110,22,6,16,4,4,5,NA,NA,NA,NA,NA
10/29/2018,7,4,Floatglas,60,mit,mit,90,19,5,11,0,17,8,NA,NA,NA,NA,NA
10/29/2018,7,4,Floatglas,61,ohne,mit,103,18,4,7,2,7,8,NA,NA,NA,NA,NA
10/29/2018,7,4,Floatglas,62,ohne,mit,125,23,6,17,0,5,2,NA,NA,NA,NA,NA
10/29/2018,7,4,Floatglas,63,ohne,mit,116,22,5,5,0,3,0,NA,NA,NA,NA,NA
10/29/2018,7,4,Floatglas,64,ohne,mit,104,21,4,8,0,6,4,NA,NA,NA,NA,NA
10/29/2018,7,5,Solarglas,65,ohne,ohne,139,24,5,22,2,8,7,NA,NA,NA,NA,NA
10/29/2018,7,5,Solarglas,66,ohne,ohne,141,23,6,23,4,0,0,NA,NA,NA,NA,NA
10/29/2018,7,5,Solarglas,67,ohne,ohne,136,26,6,35,0,9,0,NA,NA,NA,NA,NA
10/29/2018,7,5,Solarglas,68,ohne,ohne,144,26,6,27,2,0,1,NA,NA,NA,NA,NA
10/29/2018,7,5,Solarglas,69,mit,ohne,146,25,5,26,1,11,0,NA,NA,NA,NA,NA
10/29/2018,7,5,Solarglas,70,mit,ohne,160,25,6,18,0,13,2,NA,NA,NA,NA,NA
10/29/2018,7,5,Solarglas,71,mit,ohne,139,23,4,25,0,9,1,NA,NA,NA,NA,NA
10/29/2018,7,5,Solarglas,72,mit,ohne,143,24,6,18,0,7,0,NA,NA,NA,NA,NA
10/29/2018,7,5,Solarglas,73,mit,mit,117,30,6,15,1,9,0,NA,NA,NA,NA,NA
10/29/2018,7,5,Solarglas,74,mit,mit,109,24,5,10,3,8,0,NA,NA,NA,NA,NA
10/29/2018,7,5,Solarglas,75,mit,mit,119,28,6,19,3,8,0,NA,NA,NA,NA,NA
10/29/2018,7,5,Solarglas,76,mit,mit,81,18,4,16,5,5,0,NA,NA,NA,NA,NA
10/29/2018,7,5,Solarglas,77,ohne,mit,92,22,4,13,0,10,0,NA,NA,NA,NA,NA
10/29/2018,7,5,Solarglas,78,ohne,mit,93,20,4,6,0,7,0,NA,NA,NA,NA,NA
10/29/2018,7,5,Solarglas,79,ohne,mit,100,20,3,8,2,5,0,NA,NA,NA,NA,NA
10/29/2018,7,5,Solarglas,80,ohne,mit,105,22,5,12,2,6,0,NA,NA,NA,NA,NA
10/29/2018,7,6,ETFE-Folie,81,ohne,ohne,153,26,6,31,1,3,0,NA,NA,NA,NA,NA
10/29/2018,7,6,ETFE-Folie,82,ohne,ohne,147,26,6,25,3,2,0,NA,NA,NA,NA,NA
10/29/2018,7,6,ETFE-Folie,83,ohne,ohne,156,25,7,31,5,8,0,NA,NA,NA,NA,NA
10/29/2018,7,6,ETFE-Folie,84,ohne,ohne,141,25,5,24,1,1,0,NA,NA,NA,NA,NA
10/29/2018,7,6,ETFE-Folie,85,mit,ohne,136,28,4,20,6,9,0,NA,NA,NA,NA,NA
10/29/2018,7,6,ETFE-Folie,86,mit,ohne,148,24,5,19,0,1,0,NA,NA,NA,NA,NA
10/29/2018,7,6,ETFE-Folie,87,mit,ohne,146,24,5,11,9,10,0,NA,NA,NA,NA,NA
10/29/2018,7,6,ETFE-Folie,88,mit,ohne,147,24,6,22,5,9,0,NA,NA,NA,NA,NA
10/29/2018,7,6,ETFE-Folie,89,mit,mit,112,21,5,4,7,1,6,NA,NA,NA,NA,NA
10/29/2018,7,6,ETFE-Folie,90,mit,mit,100,19,4,1,5,4,0,NA,NA,NA,NA,NA
10/29/2018,7,6,ETFE-Folie,91,mit,mit,110,19,5,5,7,5,1,NA,NA,NA,NA,NA
10/29/2018,7,6,ETFE-Folie,92,mit,mit,99,20,3,3,8,5,0,NA,NA,NA,NA,NA
10/29/2018,7,6,ETFE-Folie,93,ohne,mit,119,22,4,10,9,9,3,NA,NA,NA,NA,NA
10/29/2018,7,6,ETFE-Folie,94,ohne,mit,106,21,5,9,6,7,2,NA,NA,NA,NA,NA
10/29/2018,7,6,ETFE-Folie,95,ohne,mit,124,22,5,9,7,6,1,NA,NA,NA,NA,NA
10/29/2018,7,6,ETFE-Folie,96,ohne,mit,117,21,5,7,5,5,1,NA,NA,NA,NA,NA
11/5/2018,8,1,Floatglas,1,ohne,ohne,153,27,7,35,6,6,3,NA,NA,NA,NA,NA
11/5/2018,8,1,Floatglas,2,ohne,ohne,153,28,7,18,1,12,9,NA,NA,NA,NA,NA
11/5/2018,8,1,Floatglas,3,ohne,ohne,152,26,6,25,6,2,0,NA,NA,NA,NA,NA
11/5/2018,8,1,Floatglas,4,ohne,ohne,170,25,6,22,6,5,5,NA,NA,NA,NA,NA
11/5/2018,8,1,Floatglas,5,mit,ohne,151,27,7,21,3,9,1,NA,NA,NA,NA,NA
11/5/2018,8,1,Floatglas,6,mit,ohne,153,27,6,22,8,13,1,NA,NA,NA,NA,NA
11/5/2018,8,1,Floatglas,7,mit,ohne,148,27,6,21,6,11,1,NA,NA,NA,NA,NA
11/5/2018,8,1,Floatglas,8,mit,ohne,151,28,6,24,6,16,7,NA,NA,NA,NA,NA
11/5/2018,8,1,Floatglas,9,mit,mit,150,24,7,26,10,7,9,NA,NA,NA,NA,NA
11/5/2018,8,1,Floatglas,10,mit,mit,148,24,6,16,6,3,0,NA,NA,NA,NA,NA
11/5/2018,8,1,Floatglas,11,mit,mit,158,27,7,16,9,7,0,NA,NA,NA,NA,NA
11/5/2018,8,1,Floatglas,12,mit,mit,155,25,8,22,6,5,0,NA,NA,NA,NA,NA
11/5/2018,8,1,Floatglas,13,ohne,mit,146,25,7,14,4,4,0,NA,NA,NA,NA,NA
11/5/2018,8,1,Floatglas,14,ohne,mit,137,27,7,27,6,6,0,NA,NA,NA,NA,NA
11/5/2018,8,1,Floatglas,15,ohne,mit,150,24,6,26,4,3,0,NA,NA,NA,NA,NA
11/5/2018,8,1,Floatglas,16,ohne,mit,170,28,8,33,11,12,0,NA,NA,NA,NA,NA
11/5/2018,8,2,Solarglas,17,ohne,ohne,154,27,6,33,6,0,0,NA,NA,NA,NA,NA
11/5/2018,8,2,Solarglas,18,ohne,ohne,158,26,7,28,1,2,0,NA,NA,NA,NA,NA
11/5/2018,8,2,Solarglas,19,ohne,ohne,171,31,8,40,4,1,0,NA,NA,NA,NA,NA
11/5/2018,8,2,Solarglas,20,ohne,ohne,154,26,6,22,5,1,0,NA,NA,NA,NA,NA
11/5/2018,8,2,Solarglas,21,mit,ohne,143,29,7,25,1,9,0,NA,NA,NA,NA,NA
11/5/2018,8,2,Solarglas,22,mit,ohne,169,26,7,27,2,11,0,NA,NA,NA,NA,NA
11/5/2018,8,2,Solarglas,23,mit,ohne,166,25,8,26,4,8,0,NA,NA,NA,NA,NA
11/5/2018,8,2,Solarglas,24,mit,ohne,157,27,7,35,4,10,0,NA,NA,NA,NA,NA
11/5/2018,8,2,Solarglas,25,mit,mit,128,26,7,26,3,0,1,NA,NA,NA,NA,NA
11/5/2018,8,2,Solarglas,26,mit,mit,136,27,6,18,6,4,3,NA,NA,NA,NA,NA
11/5/2018,8,2,Solarglas,27,mit,mit,155,29,7,26,9,8,0,NA,NA,NA,NA,NA
11/5/2018,8,2,Solarglas,28,mit,mit,146,27,6,21,6,5,0,NA,NA,NA,NA,NA
11/5/2018,8,2,Solarglas,29,ohne,mit,104,24,4,10,4,4,0,NA,NA,NA,NA,NA
11/5/2018,8,2,Solarglas,30,ohne,mit,115,22,4,8,6,6,0,NA,NA,NA,NA,NA
11/5/2018,8,2,Solarglas,31,ohne,mit,161,30,8,42,4,0,4,NA,NA,NA,NA,NA
11/5/2018,8,2,Solarglas,32,ohne,mit,139,25,6,28,13,10,3,NA,NA,NA,NA,NA
11/5/2018,8,3,ETFE-Folie,33,ohne,ohne,166,29,7,28,8,10,5,NA,NA,NA,NA,NA
11/5/2018,8,3,ETFE-Folie,34,ohne,ohne,169,26,8,36,7,8,3,NA,NA,NA,NA,NA
11/5/2018,8,3,ETFE-Folie,35,ohne,ohne,128,20,5,39,10,8,1,NA,NA,NA,NA,NA
11/5/2018,8,3,ETFE-Folie,36,ohne,ohne,167,29,8,39,10,7,4,NA,NA,NA,NA,NA
11/5/2018,8,3,ETFE-Folie,37,mit,ohne,151,28,5,30,14,16,3,NA,NA,NA,NA,NA
11/5/2018,8,3,ETFE-Folie,38,mit,ohne,108,17,2,18,10,10,1,NA,NA,NA,NA,NA
11/5/2018,8,3,ETFE-Folie,39,mit,ohne,165,25,6,35,9,13,4,NA,NA,NA,NA,NA
11/5/2018,8,3,ETFE-Folie,40,mit,ohne,140,21,4,26,10,9,0,NA,NA,NA,NA,NA
11/5/2018,8,3,ETFE-Folie,41,mit,mit,154,26,6,26,4,5,0,NA,NA,NA,NA,NA
11/5/2018,8,3,ETFE-Folie,42,mit,mit,148,27,8,25,8,9,0,NA,NA,NA,NA,NA
11/5/2018,8,3,ETFE-Folie,43,mit,mit,144,29,6,29,10,7,0,NA,NA,NA,NA,NA
11/5/2018,8,3,ETFE-Folie,44,mit,mit,149,28,7,24,3,0,0,NA,NA,NA,NA,NA
11/5/2018,8,3,ETFE-Folie,45,ohne,mit,119,22,4,14,3,0,0,NA,NA,NA,NA,NA
11/5/2018,8,3,ETFE-Folie,46,ohne,mit,118,25,2,8,4,5,0,NA,NA,NA,NA,NA
11/5/2018,8,3,ETFE-Folie,47,ohne,mit,112,22,4,21,10,8,0,NA,NA,NA,NA,NA
11/5/2018,8,3,ETFE-Folie,48,ohne,mit,136,29,5,27,8,9,0,NA,NA,NA,NA,NA
11/5/2018,8,4,Floatglas,49,ohne,ohne,166,29,7,26,1,3,0,NA,NA,NA,NA,NA
11/5/2018,8,4,Floatglas,50,ohne,ohne,159,30,7,28,2,5,0,NA,NA,NA,NA,NA
11/5/2018,8,4,Floatglas,51,ohne,ohne,175,27,7,36,3,7,0,NA,NA,NA,NA,NA
11/5/2018,8,4,Floatglas,52,ohne,ohne,153,26,7,37,3,5,0,NA,NA,NA,NA,NA
11/5/2018,8,4,Floatglas,53,mit,ohne,157,26,5,17,0,17,1,NA,NA,NA,NA,NA
11/5/2018,8,4,Floatglas,54,mit,ohne,165,26,7,40,1,10,0,NA,NA,NA,NA,NA
11/5/2018,8,4,Floatglas,55,mit,ohne,100,16,3,30,0,9,0,NA,NA,NA,NA,NA
11/5/2018,8,4,Floatglas,56,mit,ohne,148,25,7,31,3,9,0,NA,NA,NA,NA,NA
11/5/2018,8,4,Floatglas,57,mit,mit,89,15,2,20,4,5,5,NA,NA,NA,NA,NA
11/5/2018,8,4,Floatglas,58,mit,mit,144,12,6,34,5,9,6,NA,NA,NA,NA,NA
11/5/2018,8,4,Floatglas,59,mit,mit,124,23,7,21,3,6,7,NA,NA,NA,NA,NA
11/5/2018,8,4,Floatglas,60,mit,mit,94,18,4,21,3,0,2,NA,NA,NA,NA,NA
11/5/2018,8,4,Floatglas,61,ohne,mit,105,22,5,8,3,1,3,NA,NA,NA,NA,NA
11/5/2018,8,4,Floatglas,62,ohne,mit,140,25,7,26,0,5,4,NA,NA,NA,NA,NA
11/5/2018,8,4,Floatglas,63,ohne,mit,124,25,6,12,4,10,7,NA,NA,NA,NA,NA
11/5/2018,8,4,Floatglas,64,ohne,mit,104,24,4,7,3,8,7,NA,NA,NA,NA,NA
11/5/2018,8,5,Solarglas,65,ohne,ohne,144,24,7,19,15,11,5,NA,NA,NA,NA,NA
11/5/2018,8,5,Solarglas,66,ohne,ohne,148,27,6,23,5,6,2,NA,NA,NA,NA,NA
11/5/2018,8,5,Solarglas,67,ohne,ohne,142,27,7,29,15,10,9,NA,NA,NA,NA,NA
11/5/2018,8,5,Solarglas,68,ohne,ohne,155,25,7,27,13,11,5,NA,NA,NA,NA,NA
11/5/2018,8,5,Solarglas,69,mit,ohne,155,26,7,27,4,6,2,NA,NA,NA,NA,NA
11/5/2018,8,5,Solarglas,70,mit,ohne,160,26,7,25,11,11,9,NA,NA,NA,NA,NA
11/5/2018,8,5,Solarglas,71,mit,ohne,126,23,6,23,11,9,1,NA,NA,NA,NA,NA
11/5/2018,8,5,Solarglas,72,mit,ohne,150,21,8,22,5,5,0,NA,NA,NA,NA,NA
11/5/2018,8,5,Solarglas,73,mit,mit,114,28,6,15,3,2,0,NA,NA,NA,NA,NA
11/5/2018,8,5,Solarglas,74,mit,mit,102,17,4,8,3,2,0,NA,NA,NA,NA,NA
11/5/2018,8,5,Solarglas,75,mit,mit,119,23,6,11,7,10,0,NA,NA,NA,NA,NA
11/5/2018,8,5,Solarglas,76,mit,mit,81,14,4,12,8,7,0,NA,NA,NA,NA,NA
11/5/2018,8,5,Solarglas,77,ohne,mit,83,20,3,8,13,8,0,NA,NA,NA,NA,NA
11/5/2018,8,5,Solarglas,78,ohne,mit,91,16,4,7,10,12,0,NA,NA,NA,NA,NA
11/5/2018,8,5,Solarglas,79,ohne,mit,94,18,3,5,5,5,0,NA,NA,NA,NA,NA
11/5/2018,8,5,Solarglas,80,ohne,mit,106,16,4,11,7,8,0,NA,NA,NA,NA,NA
11/5/2018,8,6,ETFE-Folie,81,ohne,ohne,165,26,7,28,2,10,0,NA,NA,NA,NA,NA
11/5/2018,8,6,ETFE-Folie,82,ohne,ohne,167,27,6,24,0,9,0,NA,NA,NA,NA,NA
11/5/2018,8,6,ETFE-Folie,83,ohne,ohne,170,26,6,30,4,3,0,NA,NA,NA,NA,NA
11/5/2018,8,6,ETFE-Folie,84,ohne,ohne,154,26,5,32,4,6,0,NA,NA,NA,NA,NA
11/5/2018,8,6,ETFE-Folie,85,mit,ohne,148,25,4,16,0,5,0,NA,NA,NA,NA,NA
11/5/2018,8,6,ETFE-Folie,86,mit,ohne,158,25,6,19,1,2,0,NA,NA,NA,NA,NA
11/5/2018,8,6,ETFE-Folie,87,mit,ohne,157,25,7,18,0,10,0,NA,NA,NA,NA,NA
11/5/2018,8,6,ETFE-Folie,88,mit,ohne,154,26,6,22,0,7,0,NA,NA,NA,NA,NA
11/5/2018,8,6,ETFE-Folie,89,mit,mit,119,22,5,6,1,4,0,NA,NA,NA,NA,NA
11/5/2018,8,6,ETFE-Folie,90,mit,mit,99,20,3,2,1,2,0,NA,NA,NA,NA,NA
11/5/2018,8,6,ETFE-Folie,91,mit,mit,110,20,5,4,0,7,5,NA,NA,NA,NA,NA
11/5/2018,8,6,ETFE-Folie,92,mit,mit,101,18,3,5,2,4,3,NA,NA,NA,NA,NA
11/5/2018,8,6,ETFE-Folie,93,ohne,mit,116,21,4,5,4,4,5,NA,NA,NA,NA,NA
11/5/2018,8,6,ETFE-Folie,94,ohne,mit,110,22,5,10,2,8,2,NA,NA,NA,NA,NA
11/5/2018,8,6,ETFE-Folie,95,ohne,mit,124,21,4,4,0,3,3,NA,NA,NA,NA,NA
11/5/2018,8,6,ETFE-Folie,96,ohne,mit,117,22,5,6,1,2,7,NA,NA,NA,NA,NA
11/12/2018,9,1,Floatglas,1,ohne,ohne,168,30,6,43,0,0,0,388,1365,701,0,0
11/12/2018,9,1,Floatglas,3,ohne,ohne,163,29,6,34,0,0,0,362,1090,463,0,0
11/12/2018,9,1,Floatglas,5,mit,ohne,174,26,9,24,0,0,0,356,1211,395,0,0
11/12/2018,9,1,Floatglas,7,mit,ohne,159,27,8,26,0,0,0,378,1297,584,0,0
11/12/2018,9,1,Floatglas,9,mit,mit,166,28,8,29,0,2,0,361,1212,597,0,122
11/12/2018,9,1,Floatglas,11,mit,mit,178,28,7,22,0,0,0,407,1473,360,0,0
11/12/2018,9,1,Floatglas,13,ohne,mit,167,27,6,25,0,0,0,337,1159,350,0,0
11/12/2018,9,1,Floatglas,15,ohne,mit,160,26,6,34,0,0,0,287,1076,401,0,0
11/12/2018,9,2,Solarglas,17,ohne,ohne,170,32,7,34,0,0,0,397,1364,768,0,0
11/12/2018,9,2,Solarglas,19,ohne,ohne,179,33,9,42,0,0,0,464,1372,964,0,0
11/12/2018,9,2,Solarglas,29,ohne,mit,105,24,5,10,0,1,0,161,344,152,0,28
11/12/2018,9,2,Solarglas,31,ohne,mit,176,31,8,45,0,0,0,486,1439,766,0,0
11/12/2018,9,4,Floatglas,49,ohne,ohne,184,29,9,47,0,1,0,410,1438,1014,0,64
11/12/2018,9,4,Floatglas,51,ohne,ohne,174,32,7,45,0,0,0,521,1458,840,0,0
11/12/2018,9,4,Floatglas,53,mit,ohne,170,31,6,22,0,2,0,473,1783,441,0,72
11/12/2018,9,4,Floatglas,55,mit,ohne,100,18,3,31,0,0,0,307,1353,769,0,0
11/12/2018,9,5,Solarglas,65,ohne,ohne,166.5,27,7,26,0,1,0,368,1222,545,0,49
11/12/2018,9,5,Solarglas,67,ohne,ohne,162,29,7,36,0,0,0,381,1461,960,0,0
11/12/2018,9,5,Solarglas,77,ohne,mit,97,16,5,11,0,0,0,121,395,141,0,0
11/12/2018,9,5,Solarglas,79,ohne,mit,107,24,4,8,1,0,0,125,329,79,84,0
11/12/2018,9,6,ETFE-Folie,81,ohne,ohne,170,29,8,44,0,0,0,399,1216,986,0,0
11/12/2018,9,6,ETFE-Folie,83,ohne,ohne,180,29,9,48,0,0,0,403,1288,992,0,0
11/12/2018,9,6,ETFE-Folie,93,ohne,mit,112,22,4,10,0,0,0,116,193,64,0,0
11/12/2018,9,6,ETFE-Folie,95,ohne,mit,124,22,5,9,2,0,0,163,380,25,123,0
11/19/2018,10,1,Floatglas,2,ohne,ohne,179,36,9,36,0,0,0,367,1299,725,0,0
11/19/2018,10,1,Floatglas,4,ohne,ohne,196,32,7,50,0,0,0,402,1220,822,0,0
11/19/2018,10,1,Floatglas,6,mit,ohne,185,30,8,30,0,1,0,430,1318,763,0,84
11/19/2018,10,1,Floatglas,8,mit,ohne,178,33,8,42,0,0,0,414,1511,900,0,37
11/19/2018,10,1,Floatglas,10,mit,mit,173,33,6,26,0,0,0,386,1204,591,0,0
11/19/2018,10,1,Floatglas,12,mit,mit,179,31,9,28,0,0,0,369,1171,647,0,0
11/19/2018,10,1,Floatglas,14,ohne,mit,154,27,6,34,1,0,0,264,820,673,61,0
11/19/2018,10,1,Floatglas,16,ohne,mit,186,27,9,41,0,2,0,341,1061,802,0,53
11/19/2018,10,2,Solarglas,18,ohne,ohne,179,31,19,35,0,0,0,579,1484,783,0,0
11/19/2018,10,2,Solarglas,20,ohne,ohne,167,21,8,27,0,2,0,365,1267,845,0,100
11/19/2018,10,2,Solarglas,21,mit,ohne,167,32,9,29,0,0,0,380,1319,799,0,0
11/19/2018,10,2,Solarglas,22,mit,ohne,192,31,8,37,0,0,0,463,1461,807,0,0
11/19/2018,10,2,Solarglas,23,mit,ohne,188,33,8,35,0,0,0,486,1597,795,0,0
11/19/2018,10,2,Solarglas,24,mit,ohne,173,32,8,54,0,0,0,518,1560,1138,0,0
11/19/2018,10,2,Solarglas,25,mit,mit,152,33,8,39,2,6,0,343,1240,576,59,126
11/19/2018,10,2,Solarglas,26,mit,mit,148,31,7,32,0,0,0,386,1430,536,0,0
11/19/2018,10,2,Solarglas,27,mit,mit,176,32,9,31,0,0,0,428,1418,762,0,0
11/19/2018,10,2,Solarglas,28,mit,mit,160,31,8,34,0,0,0,399,1368,965,0,0
11/19/2018,10,2,Solarglas,30,ohne,mit,124,27,6,17,2,0,0,247,778,204,93,0
11/19/2018,10,2,Solarglas,32,ohne,mit,150,28,7,19,9,6,0,313,1100,346,133,131
11/19/2018,10,3,ETFE-Folie,34,ohne,ohne,181,32,8,40,0,4,0,466,1462,739,0,159
11/19/2018,10,3,ETFE-Folie,36,ohne,ohne,186,32,8,58,0,0,0,493,1564,1083,0,0
11/19/2018,10,3,ETFE-Folie,37,mit,ohne,168,32,9,41,0,0,0,434,1665,1027,0,0
11/19/2018,10,3,ETFE-Folie,38,mit,ohne,103,15,5,19,0,0,0,221,1062,612,0,0
11/19/2018,10,3,ETFE-Folie,39,mit,ohne,177,33,6,43,0,0,0,461,1405,1020,0,0
11/19/2018,10,3,ETFE-Folie,40,mit,ohne,150,25,8,38,0,0,0,315,1434,1041,0,0
11/19/2018,10,3,ETFE-Folie,41,mit,mit,182,28,9,45,0,5,0,407,1337,1115,0,5
11/19/2018,10,3,ETFE-Folie,42,mit,mit,173,26,6,35,0,2,0,439,1317,692,0,2
11/19/2018,10,3,ETFE-Folie,43,mit,mit,164,27,7,37,0,2,0,329,1018,580,0,0
11/19/2018,10,3,ETFE-Folie,44,mit,mit,161,29,9,32,0,1,0,429,1298,640,0,61
11/19/2018,10,3,ETFE-Folie,46,ohne,mit,137,16,3,8,3,0,0,0,0,125,153,0
11/19/2018,10,3,ETFE-Folie,47,ohne,mit,0,0,0,0,0,0,0,0,0,0,0,0
11/19/2018,10,3,ETFE-Folie,48,ohne,mit,137,26,7,36,2,0,0,301,904,688,37,0
11/19/2018,10,4,Floatglas,49,ohne,ohne,0,0,0,0,0,0,0,0,0,0,0,0
11/19/2018,10,4,Floatglas,50,ohne,ohne,179,32,10,47,3,0,0,414,1388,1045,270,0
11/19/2018,10,4,Floatglas,51,ohne,ohne,0,0,0,0,0,0,0,0,0,0,0,0
11/19/2018,10,4,Floatglas,52,ohne,ohne,168,27,9,51,3,3,0,481,1237,1014,167,71
11/19/2018,10,4,Floatglas,53,mit,ohne,0,0,0,0,0,0,0,0,0,0,0,0
11/19/2018,10,4,Floatglas,54,mit,ohne,181,26,8,49,0,0,0,461,1520,1108,0,0
11/19/2018,10,4,Floatglas,55,mit,ohne,0,0,0,0,0,0,0,0,0,0,0,0
11/19/2018,10,4,Floatglas,56,mit,ohne,177,28,8,51,0,1,0,435,1376,1222,86,0
11/19/2018,10,4,Floatglas,57,mit,mit,80,16,2,17,0,5,0,299,1747,468,0,221
11/19/2018,10,4,Floatglas,58,mit,mit,160,27,8,41,0,0,0,390,1279,870,0,0
11/19/2018,10,4,Floatglas,59,mit,mit,128,21,7,30,1,3,0,308,1033,522,0,77
11/19/2018,10,4,Floatglas,60,mit,mit,93,17,4,35,0,1,0,309,1218,816,0,0
11/19/2018,10,4,Floatglas,61,ohne,mit,106,18,4,25,0,1,0,177,513,376,0,42
11/19/2018,10,4,Floatglas,62,ohne,mit,141,28,8,37,0,2,0,314,1109,570,0,62
11/19/2018,10,4,Floatglas,63,ohne,mit,139,24,6,15,0,1,0,269,1018,272,0,44
11/19/2018,10,4,Floatglas,64,ohne,mit,105,17,5,9,2,0,0,167,532,118,96,0
11/19/2018,10,5,Solarglas,66,ohne,ohne,169,27,6,38,0,0,0,429,1265,1024,0,0
11/19/2018,10,5,Solarglas,68,ohne,ohne,179,27,8,44,0,0,0,466,1281,1203,0,0
11/19/2018,10,5,Solarglas,69,mit,ohne,185,26,6,45,0,0,0,424,1459,1132,0,0
11/19/2018,10,5,Solarglas,70,mit,ohne,191,31,8,49,0,0,0,423,1506,1113,0,107
11/19/2018,10,5,Solarglas,71,mit,ohne,127,22,5,53,0,1,0,432,1097,990,0,0
11/19/2018,10,5,Solarglas,72,mit,ohne,175,25,7,45,0,0,0,368,1327,1049,0,70
11/19/2018,10,5,Solarglas,73,mit,mit,120,26,6,38,0,0,0,235,680,623,0,0
11/19/2018,10,5,Solarglas,74,mit,mit,114,20,4,26,0,1,0,293,1017,431,0,56
11/19/2018,10,5,Solarglas,75,mit,mit,120,24,7,29,0,2,0,235,788,443,0,116
11/19/2018,10,5,Solarglas,76,mit,mit,85,13,4,24,0,4,0,230,1032,419,0,130
11/19/2018,10,5,Solarglas,78,ohne,mit,107,17,5,18,0,0,0,185,734,301,0,0
11/19/2018,10,5,Solarglas,80,ohne,mit,106,21,5,16,1,1,0,126,412,223,26,38
11/19/2018,10,6,ETFE-Folie,82,ohne,ohne,190,28,7,44,0,0,0,439,1423,1105,0,0
11/19/2018,10,6,ETFE-Folie,84,ohne,ohne,175,28,6,49,5,0,0,394,1338,1165,312,0
11/19/2018,10,6,ETFE-Folie,85,mit,ohne,165,30,6,24,0,0,0,296,600,981,0,0
11/19/2018,10,6,ETFE-Folie,86,mit,ohne,181,31,8,54,0,2,0,495,1607,800,0,0
11/19/2018,10,6,ETFE-Folie,87,mit,ohne,159,21,6,40,0,0,0,400,1435,880,0,0
11/19/2018,10,6,ETFE-Folie,88,mit,ohne,172,26,7,54,3,1,0,500,1514,1052,133,0
11/19/2018,10,6,ETFE-Folie,89,mit,mit,104,27,4,27,0,2,0,201,497,136,0,0
11/19/2018,10,6,ETFE-Folie,90,mit,mit,105,23,4,2,0,0,0,191,388,55,0,0
11/19/2018,10,6,ETFE-Folie,91,mit,mit,112,22,5,12,0,0,0,197,431,121,0,0
11/19/2018,10,6,ETFE-Folie,92,mit,mit,114,24,5,11,0,2,0,191,512,113,0,0
11/19/2018,10,6,ETFE-Folie,94,ohne,mit,117,21,5,20,0,0,0,193,835,365,0,0
11/19/2018,10,6,ETFE-Folie,96,ohne,mit,117,22,4,7,0,0,0,160,312,95,0,0
